,Peaks,q1,,,,,,,
5-year,195.99,,,,,,,,
10-year,237.79,,,,,,,,
20-year,277.89,,,,,,,,
50-year,329.8,,,,,,,,
Jan-05,,4.687,,,,,,,
1000-year,497.22,,,,,,,,
,,,,,,,,,
,,,,Jan-05,5-year,10-year,20-year,50-year,1000-year
,,,max check,381.167,195.99,237.79,277.89,329.8,497.22
,,,max,381.167,195.99,237.79,277.89,329.8,497.22
,,,q1,4.687,,,,,
,,DateTime,,,,,,,
,,1/05/2005 0:00,,4.687,4.687,4.687,4.687,4.687,4.687
,,1/05/2005 0:05,,4.669,4.677853554,4.675855041,4.673937808,4.671455923,4.663451355
,,1/05/2005 0:10,,4.669,4.677853554,4.675855041,4.673937808,4.671455923,4.663451355
,,1/05/2005 0:15,,4.704,4.69563831,4.697525794,4.699336515,4.701680517,4.709240387
,,1/05/2005 0:20,,4.669,4.677853554,4.675855041,4.673937808,4.671455923,4.663451355
,,1/05/2005 0:25,,4.704,4.69563831,4.697525794,4.699336515,4.701680517,4.709240387
,,1/05/2005 0:30,,4.704,4.69563831,4.697525794,4.699336515,4.701680517,4.709240387
,,1/05/2005 0:35,,4.704,4.69563831,4.697525794,4.699336515,4.701680517,4.709240387
,,1/05/2005 0:40,,4.721,4.70427662,4.708051588,4.711673029,4.716361034,4.731480775
,,1/05/2005 0:45,,4.739,4.713423066,4.719196547,4.724735221,4.73190511,4.75502942
,,1/05/2005 0:50,,4.739,4.713423066,4.719196547,4.724735221,4.73190511,4.75502942
,,1/05/2005 0:55,,4.756,4.722061376,4.729722341,4.737071736,4.746585627,4.777269807
,,1/05/2005 1:00,,4.774,4.731207822,4.7408673,4.750133927,4.762129704,4.800818453
,,1/05/2005 1:05,,4.791,4.739846133,4.751393094,4.762470442,4.776810221,4.82305884
,,1/05/2005 1:10,,4.791,4.739846133,4.751393094,4.762470442,4.776810221,4.82305884
,,1/05/2005 1:15,,4.809,4.748992579,4.762538052,4.775532634,4.792354298,4.846607485
,,1/05/2005 1:20,,4.827,4.758139025,4.773683011,4.788594826,4.807898374,4.87015613
,,1/05/2005 1:25,,4.844,4.766777335,4.784208805,4.80093134,4.822578891,4.892396518
,,1/05/2005 1:30,,4.862,4.775923781,4.795353764,4.813993532,4.838122968,4.915945163
,,1/05/2005 1:35,,4.898,4.794216673,4.817643681,4.840117916,4.869211121,4.963042454
,,1/05/2005 1:40,,4.916,4.803363119,4.82878864,4.853180108,4.884755198,4.986591099
,,1/05/2005 1:45,,4.951,4.821147875,4.850459392,4.878578814,4.914979792,5.032380132
,,1/05/2005 1:50,,5.006,4.849095349,4.884513432,4.918491067,4.962475582,5.104334326
,,1/05/2005 1:55,,4.97,4.830802457,4.862223515,4.892366683,4.931387428,5.057237035
,,1/05/2005 2:00,,5.006,4.849095349,4.884513432,4.918491067,4.962475582,5.104334326
,,1/05/2005 2:05,,5.024,4.858241795,4.895658391,4.931553259,4.978019658,5.127882971
,,1/05/2005 2:10,,5.042,4.867388241,4.906803349,4.944615451,4.993563735,5.151431617
,,1/05/2005 2:15,,5.06,4.876534687,4.917948308,4.957677643,5.009107812,5.174980262
,,1/05/2005 2:20,,5.079,4.886189269,4.929712431,4.971465512,5.025515448,5.199837165
,,1/05/2005 2:25,,5.134,4.914136743,4.963766471,5.011377765,5.073011238,5.271791359
,,1/05/2005 2:30,,5.19,4.942592353,4.998439675,5.052015695,5.121370588,5.345053812
,,1/05/2005 2:35,,5.19,4.942592353,4.998439675,5.052015695,5.121370588,5.345053812
,,1/05/2005 2:40,,5.246,4.971047963,5.03311288,5.092653626,5.169729938,5.418316264
,,1/05/2005 2:45,,5.303,5.000011708,5.068405249,5.134017233,5.218952847,5.492886974
,,1/05/2005 2:50,,5.36,5.028975454,5.103697617,5.175380841,5.268175757,5.567457684
,,1/05/2005 2:55,,5.437,5.068101918,5.151373273,5.231257995,5.334669863,5.668193556
,,1/05/2005 3:00,,5.456,5.0777565,5.163137396,5.245045864,5.351077499,5.69305046
,,1/05/2005 3:05,,5.534,5.117391099,5.211432217,5.301648696,5.418435165,5.795094589
,,1/05/2005 3:10,,5.553,5.127045681,5.22319634,5.315436565,5.434842802,5.819951493
,,1/05/2005 3:15,,5.652,5.177351134,5.284493612,5.38727862,5.520335224,5.949469042
,,1/05/2005 3:20,,5.712,5.207839288,5.321643474,5.43081926,5.572148813,6.027964527
,,1/05/2005 3:25,,5.752,5.228164723,5.346410048,5.459846353,5.606691205,6.08029485
,,1/05/2005 3:30,,5.853,5.279486448,5.408945649,5.533139763,5.693910747,6.212428915
,,1/05/2005 3:35,,5.893,5.299811884,5.433712224,5.562166856,5.72845314,6.264759238
,,1/05/2005 3:40,,5.994,5.351133609,5.496247825,5.635460266,5.815672681,6.396893304
,,1/05/2005 3:45,,5.974,5.340970891,5.483864537,5.62094672,5.798401485,6.370728142
,,1/05/2005 3:50,,6.035,5.37196718,5.521633564,5.665213037,5.851078634,6.450531885
,,1/05/2005 3:55,,6.138,5.424305177,5.585407493,5.739957801,5.940025295,6.585282467
,,1/05/2005 4:00,,6.179,5.445138748,5.610793232,5.769710572,5.975431247,6.638921048
,,1/05/2005 4:05,,6.241,5.476643174,5.649181423,5.814702566,6.028971956,6.720033048
,,1/05/2005 4:10,,6.325,5.519326588,5.701191229,5.875659461,6.101510981,6.829926727
,,1/05/2005 4:15,,6.41,5.562518139,5.7538202,5.937342034,6.174913565,6.941128663
,,1/05/2005 4:20,,6.452,5.583859846,5.779825104,5.967820482,6.211183077,6.996075502
,,1/05/2005 4:25,,6.495,5.60570969,5.806449171,5.999024607,6.24831615,7.052330599
,,1/05/2005 4:30,,6.581,5.649409376,5.859697307,6.061432857,6.322582294,7.164840794
,,1/05/2005 4:35,,6.602,5.66008023,5.872699758,6.076672081,6.34071705,7.192314213
,,1/05/2005 4:40,,6.624,5.67125922,5.886321374,6.092636982,6.359715366,7.221095891
,,1/05/2005 4:45,,6.733,5.726646032,5.95381029,6.171735811,6.453843386,7.363696021
,,1/05/2005 4:50,,6.776,5.748495875,5.980434358,6.202939936,6.490976458,7.419951118
,,1/05/2005 4:55,,6.82,5.770853854,6.00767759,6.234869738,6.52897309,7.477514474
,,1/05/2005 5:00,,6.864,5.793211833,6.034920822,6.26679954,6.566969722,7.535077829
,,1/05/2005 5:05,,6.931,5.827256938,6.076404834,6.315419921,6.62482823,7.62273112
,,1/05/2005 5:10,,6.931,5.827256938,6.076404834,6.315419921,6.62482823,7.62273112
,,1/05/2005 5:15,,7.02,5.872481032,6.131510463,6.380005203,6.701685054,7.739166089
,,1/05/2005 5:20,,7.043,5.884168158,6.145751243,6.396695782,6.721546929,7.769256024
,,1/05/2005 5:25,,7.065,5.895347147,6.159372859,6.412660683,6.740545245,7.798037702
,,1/05/2005 5:30,,7.178,5.952766503,6.229338432,6.494662221,6.838127505,7.945870864
,,1/05/2005 5:35,,7.224,5.976140754,6.257819993,6.528043378,6.877851256,8.006050736
,,1/05/2005 5:40,,7.269,5.999006869,6.28568239,6.560698858,6.916711448,8.064922349
,,1/05/2005 5:45,,7.315,6.02238112,6.31416395,6.594080015,6.9564352,8.125102221
,,1/05/2005 5:50,,7.361,6.045755371,6.342645511,6.627461172,6.996158951,8.185282092
,,1/05/2005 5:55,,7.408,6.069637758,6.371746236,6.661568006,7.036746263,8.246770222
,,1/05/2005 6:00,,7.501,6.116894395,6.429328522,6.729055998,7.117057326,8.368438222
,,1/05/2005 6:05,,7.571,6.152463908,6.472670028,6.779853411,7.177506513,8.460016288
,,1/05/2005 6:10,,7.571,6.152463908,6.472670028,6.779853411,7.177506513,8.460016288
,,1/05/2005 6:15,,7.594,6.164151033,6.486910808,6.796543989,7.197368389,8.490106223
,,1/05/2005 6:20,,7.692,6.213948351,6.547588916,6.867660367,7.281997251,8.618315515
,,1/05/2005 6:25,,7.746,6.241387689,6.581023791,6.906846943,7.328629481,8.688961451
,,1/05/2005 6:30,,7.801,6.269335163,6.615077831,6.946759196,7.376125271,8.760915645
,,1/05/2005 6:35,,7.883,6.311002306,6.665849309,7.006264737,7.446937176,8.868192807
,,1/05/2005 6:40,,7.995,6.367913525,6.735195718,7.087540597,7.543655875,9.014717711
,,1/05/2005 6:45,,8.052,6.396877271,6.770488087,7.128904205,7.592878785,9.089288422
,,1/05/2005 6:50,,8.081,6.411613212,6.788443854,7.149948847,7.61792202,9.127227906
,,1/05/2005 6:55,,8.138,6.440576958,6.823736222,7.191312455,7.667144929,9.201798616
,,1/05/2005 7:00,,8.196,6.470048839,6.859647756,7.23340174,7.717231399,9.277677584
,,1/05/2005 7:05,,8.343,6.544744815,6.950664917,7.340076307,7.844174692,9.469991521
,,1/05/2005 7:10,,8.433,6.590477045,7.00638971,7.405387266,7.921895075,9.587734748
,,1/05/2005 7:15,,8.463,6.605721122,7.024964641,7.427157586,7.94780187,9.62698249
,,1/05/2005 7:20,,8.463,6.605721122,7.024964641,7.427157586,7.94780187,9.62698249
,,1/05/2005 7:25,,8.523,6.636209275,7.062114503,7.470698226,7.999615459,9.705477975
,,1/05/2005 7:30,,8.523,6.636209275,7.062114503,7.470698226,7.999615459,9.705477975
,,1/05/2005 7:35,,8.493,6.620965199,7.043539572,7.448927906,7.973708664,9.666230233
,,1/05/2005 7:40,,8.433,6.590477045,7.00638971,7.405387266,7.921895075,9.587734748
,,1/05/2005 7:45,,8.523,6.636209275,7.062114503,7.470698226,7.999615459,9.705477975
,,1/05/2005 7:50,,8.463,6.605721122,7.024964641,7.427157586,7.94780187,9.62698249
,,1/05/2005 7:55,,8.463,6.605721122,7.024964641,7.427157586,7.94780187,9.62698249
,,1/05/2005 8:00,,8.493,6.620965199,7.043539572,7.448927906,7.973708664,9.666230233
,,1/05/2005 8:05,,8.403,6.575232969,6.987814779,7.383616946,7.895988281,9.548487006
,,1/05/2005 8:10,,8.403,6.575232969,6.987814779,7.383616946,7.895988281,9.548487006
,,1/05/2005 8:15,,8.403,6.575232969,6.987814779,7.383616946,7.895988281,9.548487006
,,1/05/2005 8:20,,8.343,6.544744815,6.950664917,7.340076307,7.844174692,9.469991521
,,1/05/2005 8:25,,8.343,6.544744815,6.950664917,7.340076307,7.844174692,9.469991521
,,1/05/2005 8:30,,8.225,6.48478478,6.877603522,7.254446382,7.742274633,9.315617069
,,1/05/2005 8:35,,8.196,6.470048839,6.859647756,7.23340174,7.717231399,9.277677584
,,1/05/2005 8:40,,8.196,6.470048839,6.859647756,7.23340174,7.717231399,9.277677584
,,1/05/2005 8:45,,8.167,6.455312898,6.841691989,7.212357097,7.692188164,9.2397381
,,1/05/2005 8:50,,8.081,6.411613212,6.788443854,7.149948847,7.61792202,9.127227906
,,1/05/2005 8:55,,8.024,6.382649466,6.753151485,7.10858524,7.56869911,9.052657196
,,1/05/2005 9:00,,7.995,6.367913525,6.735195718,7.087540597,7.543655875,9.014717711
,,1/05/2005 9:05,,7.967,6.35368572,6.717859116,7.067221632,7.519476201,8.978086485
,,1/05/2005 9:10,,7.939,6.339457915,6.700522514,7.046902667,7.495296526,8.941455259
,,1/05/2005 9:15,,7.856,6.297282637,6.649131872,6.986671449,7.423621061,8.832869839
,,1/05/2005 9:20,,7.828,6.283054832,6.631795269,6.966352484,7.399441386,8.796238613
,,1/05/2005 9:25,,7.719,6.22766802,6.564306354,6.887253655,7.305313366,8.653638483
,,1/05/2005 9:30,,7.773,6.255107358,6.597741229,6.926440231,7.351945596,8.724284419
,,1/05/2005 9:35,,7.692,6.213948351,6.547588916,6.867660367,7.281997251,8.618315515
,,1/05/2005 9:40,,7.692,6.213948351,6.547588916,6.867660367,7.281997251,8.618315515
,,1/05/2005 9:45,,7.618,6.176346295,6.501770753,6.813960245,7.218093824,8.521504417
,,1/05/2005 9:50,,7.571,6.152463908,6.472670028,6.779853411,7.177506513,8.460016288
,,1/05/2005 9:55,,7.547,6.140268646,6.457810083,6.762437155,7.156781077,8.428618094
,,1/05/2005 10:00,,7.501,6.116894395,6.429328522,6.729055998,7.117057326,8.368438222
,,1/05/2005 10:05,,7.477,6.104699134,6.414468577,6.711639742,7.09633189,8.337040029
,,1/05/2005 10:10,,7.501,6.116894395,6.429328522,6.729055998,7.117057326,8.368438222
,,1/05/2005 10:15,,7.454,6.093012009,6.400227797,6.694949163,7.076470014,8.306950093
,,1/05/2005 10:20,,7.408,6.069637758,6.371746236,6.661568006,7.036746263,8.246770222
,,1/05/2005 10:25,,7.361,6.045755371,6.342645511,6.627461172,6.996158951,8.185282092
,,1/05/2005 10:30,,7.385,6.057950632,6.357505456,6.644877428,7.016884387,8.216680286
,,1/05/2005 10:35,,7.315,6.02238112,6.31416395,6.594080015,6.9564352,8.125102221
,,1/05/2005 10:40,,7.292,6.010693994,6.29992317,6.577389436,6.936573324,8.095012285
,,1/05/2005 10:45,,7.292,6.010693994,6.29992317,6.577389436,6.936573324,8.095012285
,,1/05/2005 10:50,,7.224,5.976140754,6.257819993,6.528043378,6.877851256,8.006050736
,,1/05/2005 10:55,,7.224,5.976140754,6.257819993,6.528043378,6.877851256,8.006050736
,,1/05/2005 11:00,,7.178,5.952766503,6.229338432,6.494662221,6.838127505,7.945870864
,,1/05/2005 11:05,,7.178,5.952766503,6.229338432,6.494662221,6.838127505,7.945870864
,,1/05/2005 11:10,,7.178,5.952766503,6.229338432,6.494662221,6.838127505,7.945870864
,,1/05/2005 11:15,,7.178,5.952766503,6.229338432,6.494662221,6.838127505,7.945870864
,,1/05/2005 11:20,,7.224,5.976140754,6.257819993,6.528043378,6.877851256,8.006050736
,,1/05/2005 11:25,,7.224,5.976140754,6.257819993,6.528043378,6.877851256,8.006050736
,,1/05/2005 11:30,,7.269,5.999006869,6.28568239,6.560698858,6.916711448,8.064922349
,,1/05/2005 11:35,,7.247,5.987827879,6.272060773,6.544733957,6.897713132,8.036140671
,,1/05/2005 11:40,,7.247,5.987827879,6.272060773,6.544733957,6.897713132,8.036140671
,,1/05/2005 11:45,,7.292,6.010693994,6.29992317,6.577389436,6.936573324,8.095012285
,,1/05/2005 11:50,,7.338,6.034068245,6.328404731,6.610770593,6.976297076,8.155192156
,,1/05/2005 11:55,,7.385,6.057950632,6.357505456,6.644877428,7.016884387,8.216680286
,,1/05/2005 12:00,,7.408,6.069637758,6.371746236,6.661568006,7.036746263,8.246770222
,,1/05/2005 12:05,,7.477,6.104699134,6.414468577,6.711639742,7.09633189,8.337040029
,,1/05/2005 12:10,,7.547,6.140268646,6.457810083,6.762437155,7.156781077,8.428618094
,,1/05/2005 12:15,,7.641,6.18803342,6.516011533,6.830650823,7.2379557,8.551594353
,,1/05/2005 12:20,,7.692,6.213948351,6.547588916,6.867660367,7.281997251,8.618315515
,,1/05/2005 12:25,,7.801,6.269335163,6.615077831,6.946759196,7.376125271,8.760915645
,,1/05/2005 12:30,,7.911,6.32523011,6.683185912,7.026583702,7.471116851,8.904824033
,,1/05/2005 12:35,,8.109,6.425841017,6.805780456,7.170267812,7.642101695,9.163859132
,,1/05/2005 12:40,,8.284,6.514764798,6.91413422,7.297261345,7.793224663,9.392804295
,,1/05/2005 12:45,,8.554,6.651961488,7.081308598,7.493194223,8.026385813,9.746033975
,,1/05/2005 12:50,,8.708,6.730214415,7.17665991,7.604948531,8.159374025,9.947505719
,,1/05/2005 12:55,,8.929,6.842512447,7.313495235,7.76532322,8.350220745,10.23663075
,,1/05/2005 13:00,,9.255,7.008164747,7.515342818,8.001894029,8.631741245,10.66312289
,,1/05/2005 13:05,,9.662,7.214976055,7.767342714,8.297244701,8.983210091,11.19558392
,,1/05/2005 13:10,,10.158,7.467011456,8.074448239,8.657180655,9.41153576,11.84447993
,,1/05/2005 13:15,,10.756,7.770876719,8.444708529,9.091135696,9.927944531,12.62681826
,,1/05/2005 13:20,,11.112,7.951773096,8.665131043,9.349476825,10.23537183,13.09255813
,,1/05/2005 13:25,,11.722,8.261735989,9.042821305,9.792139994,10.76214331,13.89059556
,,1/05/2005 13:30,,12.472,8.642837906,9.507194579,10.33639799,11.40981318,14.87178911
,,1/05/2005 13:35,,13.11,8.967028604,9.902221443,10.79938012,11.96076434,15.70645776
,,1/05/2005 13:40,,13.723,9.278515905,10.2817692,11.24422033,12.49012651,16.50841996
,,1/05/2005 13:45,,14.011,9.424859042,10.46008854,11.4532154,12.73883174,16.88519829
,,1/05/2005 13:50,,14.543,9.695187335,10.78948398,11.83927573,13.19824556,17.58119159
,,1/05/2005 13:55,,15.094,9.975170211,11.13064354,12.23912394,13.67406702,18.30204178
,,1/05/2005 14:00,,15.663,10.26429953,11.48294807,12.65203434,14.16543255,19.04644063
,,1/05/2005 14:05,,16.185,10.52954647,11.80615186,13.0308379,14.61621078,19.72935134
,,1/05/2005 14:10,,16.586,10.73330896,12.05443677,13.32183451,14.96249827,20.25396283
,,1/05/2005 14:15,,17.218,11.05445084,12.44574865,13.78046258,15.50826807,21.08078194
,,1/05/2005 14:20,,17.731,11.31512455,12.76337997,14.15273505,15.95127426,21.75191833
,,1/05/2005 14:25,,18.487,11.69927529,13.23146823,14.70134711,16.60412548,22.74096143
,,1/05/2005 14:30,,20.081,12.5092439,14.21841623,15.85807677,17.98063983,24.8263248
,,1/05/2005 14:35,,21.003,12.97774519,14.78928577,16.52715126,18.77684198,26.03253875
,,1/05/2005 14:40,,22.315,13.64441948,15.60162942,17.47923992,19.90983246,27.74897334
,,1/05/2005 14:45,,22.765,13.87308063,15.88025338,17.80579471,20.29843438,28.33768948
,,1/05/2005 14:50,,24.063,14.53264101,16.68392873,18.74772388,21.41933502,30.03580846
,,1/05/2005 14:55,,26.11,15.57279518,17.95135818,20.23318537,23.18704197,32.71381274
,,1/05/2005 15:00,,27.23,16.14190738,18.64482227,21.04594398,24.15422896,34.17906178
,,1/05/2005 15:05,,28.066,16.56670898,19.16244368,21.65261022,24.87616497,35.27276553
,,1/05/2005 15:10,,29.854,17.47525595,20.26950956,22.95012128,26.42020992,37.61193097
,,1/05/2005 15:15,,30.479,17.79284088,20.65648729,23.40366961,26.95993481,38.42959227
,,1/05/2005 15:20,,30.584,17.84619515,20.72149955,23.47986573,27.05060859,38.56695936
,,1/05/2005 15:25,,31.641,18.38329479,21.37595628,24.24690667,27.96339131,39.94978815
,,1/05/2005 15:30,,33.044,19.09620944,22.24464389,25.26503196,29.17496574,41.78527423
,,1/05/2005 15:35,,33.702,19.43056286,22.65205404,25.74252764,29.7431881,42.64610804
,,1/05/2005 15:40,,33.482,19.31877296,22.51583788,25.58287863,29.55320494,42.35829126
,,1/05/2005 15:45,,34.033,19.59875584,22.85699744,25.98272683,30.0290264,43.07914146
,,1/05/2005 15:50,,35.263,20.22376298,23.61856961,26.87530994,31.09120497,44.6882989
,,1/05/2005 15:55,,36.515,20.85994912,24.3937634,27.78385796,32.17238186,46.326238
,,1/05/2005 16:00,,36.286,20.743586,24.25197476,27.61767785,31.97462667,46.02664691
,,1/05/2005 16:05,,37.207,21.21157915,24.82222514,28.28602667,32.76996526,47.23155259
,,1/05/2005 16:10,,38.494,21.86555005,25.61908968,29.21997339,33.88136674,48.91528073
,,1/05/2005 16:15,,40.164,22.71413698,26.65309416,30.43185452,35.32351164,51.10007172
,,1/05/2005 16:20,,41.135,23.20753693,27.25430276,31.13648721,36.16202822,52.37039031
,,1/05/2005 16:25,,41.013,23.14554435,27.17876471,31.04795457,36.05667392,52.21078283
,,1/05/2005 16:30,,42.986,24.14809646,28.400376,32.47971594,37.76047744,54.79197601
,,1/05/2005 16:35,,43.739,24.53072279,28.86660677,33.02615097,38.41073798,55.77709434
,,1/05/2005 16:40,,43.487,24.40267255,28.71057735,32.84328028,38.19312091,55.4474133
,,1/05/2005 16:45,,44.737,25.03784241,29.4845328,33.75037694,39.27257068,57.0827359
,,1/05/2005 16:50,,45.817,25.58662917,30.15323032,34.53410845,40.20521528,58.49565462
,,1/05/2005 16:55,,45.336,25.34221581,29.85541226,34.18505766,39.78984301,57.86638248
,,1/05/2005 17:00,,46.42,25.89303511,30.52658643,34.97169188,40.72594185,59.28453424
,,1/05/2005 17:05,,47.266,26.32291808,31.05039948,35.5856149,41.45651346,60.39132057
,,1/05/2005 17:10,,48.36,26.87881874,31.7277653,36.37950589,42.4012479,61.8225549
,,1/05/2005 17:15,,49.092,27.25077421,32.18099361,36.9107017,43.03337369,62.78019981
,,1/05/2005 17:20,,50.934,28.18676052,33.32149437,38.24739933,44.62405087,65.19001119
,,1/05/2005 17:25,,51.305,28.37527894,33.55120435,38.51662562,44.94443156,65.67537493
,,1/05/2005 17:30,,51.8,28.6268062,33.85769071,38.8758359,45.37189367,66.32296268
,,1/05/2005 17:35,,52.918,29.19490213,34.54991647,39.68714315,46.33735355,67.78559521
,,1/05/2005 17:40,,54.919,30.21168204,35.78886436,41.13922348,48.06533674,70.40341961
,,1/05/2005 17:45,,57.321,31.43222445,37.27609717,42.88230042,50.13960742,73.54585551
,,1/05/2005 17:50,,57.702,31.62582423,37.51199879,43.15878348,50.46862371,74.04430184
,,1/05/2005 17:55,,58.339,31.94950679,37.90640649,43.62103994,51.01871132,74.87766223
,,1/05/2005 18:00,,61.942,33.7803204,40.1372557,46.23565535,54.13011734,79.59131607
,,1/05/2005 18:05,,62.202,33.91243573,40.29823843,46.42433145,54.35464289,79.93146317
,,1/05/2005 18:10,,63.895,34.7727098,41.3464837,47.65290317,55.81664966,82.14634409
,,1/05/2005 18:15,,66.261,35.97495931,42.81142659,49.36985572,57.85983219,85.2416827
,,1/05/2005 18:20,,68.25,36.9856416,44.04294451,50.81322792,59.57745266,87.84380801
,,1/05/2005 18:25,,71.602,38.6889131,46.11838346,53.24569832,62.47210517,92.22908908
,,1/05/2005 18:30,,72.413,39.10101131,46.62052576,53.83422264,63.17245218,93.29008637
,,1/05/2005 18:35,,72.82,39.30782262,46.87252566,54.12957331,63.52392103,93.82254741
,,1/05/2005 18:40,,74.726,40.27632962,48.05265294,55.51271429,65.16986604,96.3160873
,,1/05/2005 18:45,,74.453,40.13760853,47.88362106,55.31460438,64.93411421,95.95893285
,,1/05/2005 18:50,,75.273,40.55427996,48.39133584,55.90965979,65.64223326,97.03170447
,,1/05/2005 18:55,,76.371,41.11221316,49.07117831,56.7064535,66.59042194,98.46817183
,,1/05/2005 19:00,,75.41,40.62389457,48.47616136,56.00907758,65.76054096,97.21093582
,,1/05/2005 19:05,,74.999,40.41505072,48.22168481,55.7108242,65.40561787,96.67324176
,,1/05/2005 19:10,,74.18,39.99888743,47.71458919,55.11649447,64.69836238,95.60177839
,,1/05/2005 19:15,,73.499,39.65284689,47.29293826,54.62230821,64.11027814,94.71085464
,,1/05/2005 19:20,,74.589,40.20671501,47.96782742,55.4132965,65.05155835,96.13685594
,,1/05/2005 19:25,,72.956,39.3769291,46.95673201,54.22826542,63.64136516,94.00047051
,,1/05/2005 19:30,,72.278,39.03241296,46.53693857,53.7362562,63.05587161,93.11347153
,,1/05/2005 19:35,,71.602,38.6889131,46.11838346,53.24569832,62.47210517,92.22908908
,,1/05/2005 19:40,,70.39,38.0730524,45.36795625,52.3661774,61.42547067,90.64348029
,,1/05/2005 19:45,,70.928,38.34642951,45.70106668,52.75659181,61.89006585,91.34732313
,,1/05/2005 19:50,,68.517,37.12131388,44.2082614,51.00698377,59.80802314,88.19311291
,,1/05/2005 19:55,,68.917,37.32456824,44.45592714,51.2972547,60.15344706,88.71641614
,,1/05/2005 20:00,,69.452,37.59642094,44.78718008,51.68549207,60.61545156,89.41633421
,,1/05/2005 20:05,,67.055,36.37841921,43.30304309,49.94604352,58.54549868,86.28043961
,,1/05/2005 20:10,,66.658,36.17668926,43.05723484,49.65794962,58.20266544,85.76106115
,,1/05/2005 20:15,,66.129,35.90788538,42.72969689,49.27406631,57.74584229,85.06899263
,,1/05/2005 20:20,,67.585,36.64773123,43.63120021,50.3306525,59.00318539,86.97381639
,,1/05/2005 20:25,,65.865,35.7737375,42.5662375,49.0824875,57.5178625,84.7236125
,,1/05/2005 20:30,,64.813,35.23917854,41.91487659,48.31907495,56.60939757,83.34732501
,,1/05/2005 20:35,,65.997,35.84081144,42.6479672,49.17827691,57.6318524,84.89630257
,,1/05/2005 20:40,,65.207,35.43938408,42.15882735,48.60499182,56.94964014,83.86277869
,,1/05/2005 20:45,,64.681,35.17210461,41.83314689,48.22328555,56.49540768,83.17463494
,,1/05/2005 20:50,,65.997,35.84081144,42.6479672,49.17827691,57.6318524,84.89630257
,,1/05/2005 20:55,,64.681,35.17210461,41.83314689,48.22328555,56.49540768,83.17463494
,,1/05/2005 21:00,,63.634,34.64008633,41.1848818,47.46350138,55.59126055,81.80488874
,,1/05/2005 21:05,,65.865,35.7737375,42.5662375,49.0824875,57.5178625,84.7236125
,,1/05/2005 21:10,,65.47,35.57302382,42.32166758,48.79584496,57.17675637,84.20685056
,,1/05/2005 21:15,,68.25,36.9856416,44.04294451,50.81322792,59.57745266,87.84380801
,,1/05/2005 21:20,,69.184,37.46024052,44.62124403,51.49101055,60.38401753,89.06572105
,,1/05/2005 21:25,,69.452,37.59642094,44.78718008,51.68549207,60.61545156,89.41633421
,,1/05/2005 21:30,,69.318,37.52833073,44.70421205,51.58825131,60.49973455,89.24102763
,,1/05/2005 21:35,,72.278,39.03241296,46.53693857,53.7362562,63.05587161,93.11347153
,,1/05/2005 21:40,,75.684,40.76312381,48.6458124,56.20791317,65.99715635,97.56939854
,,1/05/2005 21:45,,78.858,42.37594712,50.61104009,58.51121301,68.73809521,101.7218097
,,1/05/2005 21:50,,82.211,44.07972676,52.6870982,60.94440908,71.63361127,106.108399
,,1/05/2005 21:55,,82.915,44.43745443,53.12298992,61.45528592,72.24155738,107.0294127
,,1/05/2005 22:00,,87.748,46.89327519,56.11541129,64.96248444,76.41514198,113.352224
,,1/05/2005 22:05,,90.921,48.50559037,58.08001982,67.2650586,79.15521728,117.5033268
,,1/05/2005 22:10,,94.862,50.50815391,60.52014658,70.12495295,82.55850652,122.6591719
,,1/05/2005 22:15,,99.005,52.61336091,63.08534454,73.13143411,86.13623484,128.0792851
,,1/05/2005 22:20,,104.113,55.20891903,66.24803612,76.8381939,90.54729839,134.7618673
,,1/05/2005 22:25,,109.15,57.76839951,69.36676702,80.49343059,94.89704919,141.3515633
,,1/05/2005 22:30,,116.619,61.56366648,73.99130566,85.91351455,101.3469775,151.1229428
,,1/05/2005 22:35,,119.761,63.16022945,75.9367201,88.19359271,104.0602824,155.2334897
,,1/05/2005 22:40,,128.505,67.60336967,81.3506933,94.53891525,111.6112495,166.6728983
,,1/05/2005 22:45,,129.338,68.02664687,81.86645722,95.14340447,112.3305948,167.7626773
,,1/05/2005 22:50,,135.167,70.98857097,85.4755663,99.3733776,117.364285,175.3885136
,,1/05/2005 22:55,,143.634,75.29095756,90.71803097,105.5176875,124.6760459,186.4655347
,,1/05/2005 23:00,,147.52,77.26557363,93.12410369,108.3376696,128.0318394,191.5494256
,,1/05/2005 23:05,,154.876,81.00342124,97.67867676,113.675752,134.3841854,201.172972
,,1/05/2005 23:10,,155.292,81.21480577,97.93624914,113.9776338,134.7434263,201.7172074
,,1/05/2005 23:15,,163.62,85.44656146,103.09265,120.0210746,141.9351524,212.6123806
,,1/05/2005 23:20,,169.461,88.4145832,106.709189,124.2597558,146.9792053,220.253916
,,1/05/2005 23:25,,178.256,92.88363835,112.1547396,130.6420879,154.5742139,231.7600458
,,1/05/2005 23:30,,180.905,94.22969033,113.794906,132.5644072,156.8617839,235.2256214
,,1/05/2005 23:35,,192.282,100.0107524,120.839139,140.8204381,166.6865039,250.1096735
,,1/05/2005 23:40,,203.85,105.8888683,128.0016324,149.2150734,176.6761639,265.243603
,,1/05/2005 23:45,,215.455,111.7857853,135.1870348,157.6365588,186.6977756,280.4259379
,,1/05/2005 23:50,,223.599,115.924044,140.2295094,163.546475,193.7306067,291.0803917
,,1/05/2005 23:55,,246.017,127.3154344,154.1099361,179.8147093,213.0898907,320.4089212
,,1/06/2005 0:00,,255.792,132.2824627,160.1622678,186.9082052,221.5311879,333.1971439
,,1/06/2005 0:05,,265.674,137.3038616,166.28085,194.0793485,230.064886,346.1253502
,,1/06/2005 0:10,,276.014,142.5579867,172.6830096,201.5828521,238.9940945,359.6527387
,,1/06/2005 0:15,,286.104,147.6850779,178.930378,208.9049363,247.7074131,372.8530626
,,1/06/2005 0:20,,303.386,156.4666823,189.6307766,221.4460918,262.6314539,395.4623787
,,1/06/2005 0:25,,311.476,160.5775017,194.6398163,227.3168214,269.6176528,406.0461865
,,1/06/2005 0:30,,317.423,163.5993858,198.3219867,231.6324245,274.753243,413.8263973
,,1/06/2005 0:35,,334.358,172.2046671,208.8075353,243.92177,289.3776285,435.9817478
,,1/06/2005 0:40,,347.705,178.9867568,217.071522,253.6073853,300.9035614,453.4430683
,,1/06/2005 0:45,,339.954,175.0481956,212.272379,247.9826603,294.2101093,443.30276
,,1/06/2005 0:50,,346.672,178.4618525,216.4319252,252.8577606,300.0115041,452.0916377
,,1/06/2005 0:55,,343.858,177.0319581,214.6895967,250.8157046,297.5814468,448.4101995
,,1/06/2005 1:00,,358.284,184.3623264,223.6216618,261.2843257,310.0391607,467.2831305
,,1/06/2005 1:05,,346.403,178.3251639,216.26537,252.6625534,299.7792065,451.7397163
,,1/06/2005 1:10,,345.633,177.9338993,215.7886135,252.1037819,299.1142655,450.7323576
,,1/06/2005 1:15,,371.297,190.9746988,231.6788477,270.7275648,321.2766646,484.3074928
,,1/06/2005 1:20,,378.505,194.6373423,236.1417845,275.958247,327.5012038,493.737417
,,1/06/2005 1:25,,380.787,195.7969084,237.5547175,277.6142426,329.4718473,496.7228619
,,1/06/2005 1:30,,379.666,195.227288,236.8606343,276.8007583,328.5037967,495.2563046
,,1/06/2005 1:35,,381.097,195.9544305,237.7466585,277.8392026,329.7395508,497.1284219
,,1/06/2005 1:40,,381.167,195.99,237.79,277.89,329.8,497.22
,,1/06/2005 1:45,,374.781,192.7450442,233.8360164,273.2558246,324.285307,488.8654639
,,1/06/2005 1:50,,370.952,190.7993919,231.465236,270.4772061,320.9787365,483.8561438
,,1/06/2005 1:55,,369.838,190.2333285,230.7754869,269.6688016,320.0167308,482.3987443
,,1/06/2005 2:00,,346.954,178.6051468,216.6065296,253.0624016,300.255028,452.4605665
,,1/06/2005 2:05,,349.919,180.1117697,218.4423519,255.2140349,302.8154828,456.3395517
,,1/06/2005 2:10,,344.07,177.1396829,214.8208596,250.9695482,297.7645215,448.6875502
,,1/06/2005 2:15,,352.625,181.4867854,220.1178107,257.1777177,305.1522757,459.879698
,,1/06/2005 2:20,,333.123,171.5771193,208.0428673,243.0255585,288.3111321,434.3660491
,,1/06/2005 2:25,,326.347,168.1339905,203.8474095,238.1083689,282.4596508,425.5012923
,,1/06/2005 2:30,,315.62,162.6832168,197.2056334,230.3240283,273.1962447,411.467608
,,1/06/2005 2:35,,305.962,157.7756404,191.225744,223.3154366,264.8559839,398.8324515
,,1/06/2005 2:40,,308.2,158.9128485,192.6114338,224.9395025,266.7886308,401.7603331
,,1/06/2005 2:45,,298.597,154.0332195,186.6655984,217.9708231,258.4958659,389.1971308
,,1/06/2005 2:50,,292.483,150.9264767,182.8800275,213.5340319,253.2160612,381.1984409
,,1/06/2005 2:55,,285.261,147.2567193,178.4084224,208.2931903,246.9794322,371.7502011
,,1/06/2005 3:00,,275.012,142.0488346,172.0626069,200.8557234,238.1288076,358.3418641
,,1/06/2005 3:05,,265.177,137.0513181,165.9731253,193.7186869,229.6356968,345.4751459
,,1/06/2005 3:10,,263.505,136.2017149,164.9378825,192.5053544,228.1918248,343.2877384
,,1/06/2005 3:15,,251.876,130.2926026,157.7376201,184.0664527,218.1494877,328.0740053
,,1/06/2005 3:20,,249.44,129.0547836,156.2293357,182.2987028,216.045856,324.8870886
,,1/06/2005 3:25,,235.945,122.1974897,147.8737126,172.5056872,204.3921162,307.2321459
,,1/06/2005 3:30,,240.48,124.501886,150.681623,175.7966339,208.30836,313.1650962
,,1/06/2005 3:35,,247.888,128.2661567,155.2683926,181.1724516,214.7056111,322.856672
,,1/06/2005 3:40,,238.52,123.5059396,149.4680609,174.3743064,206.6157827,310.6009104
,,1/06/2005 3:45,,231.275,119.8244951,144.9822151,169.1167741,200.3592919,301.1225807
,,1/06/2005 3:50,,228.127,118.2248833,143.0330856,166.8323419,197.6408056,297.0041842
,,1/06/2005 3:55,,221.738,114.9784031,139.0772445,162.1959895,192.1235219,288.6457234
,,1/06/2005 4:00,,208.504,108.2537328,130.8832233,152.5923757,180.6951713,271.332236
,,1/06/2005 4:05,,202.854,105.382765,127.3849446,148.4922988,175.8160583,263.9405779
,,1/06/2005 4:10,,202.227,105.0641638,126.9967286,148.0372991,175.2746063,263.1203001
,,1/06/2005 4:15,,200.541,104.2074467,125.9528175,146.8138072,173.8186444,260.914577
,,1/06/2005 4:20,,198.556,103.1987969,124.7237762,145.3733377,172.1044782,258.3176847
,,1/06/2005 4:25,,189.728,98.71297329,119.2577932,138.9670582,164.4809721,246.7683824
,,1/06/2005 4:30,,193.794,100.7790538,121.7753155,141.9176622,167.9922064,252.0877598
,,1/06/2005 4:35,,188.628,98.15402381,118.5767124,138.1688132,163.5310563,245.3292985
,,1/06/2005 4:40,,185.296,96.46091502,116.5136567,135.7508563,160.653675,240.9701826
,,1/06/2005 4:45,,185.724,96.67839718,116.7786591,136.0614462,161.0232786,241.5301171
,,1/06/2005 4:50,,185.552,96.59099781,116.6721628,135.9366297,160.8747463,241.3050967
,,1/06/2005 4:55,,178.35,92.93140313,112.2129411,130.7103016,154.6553885,231.883022
,,1/06/2005 5:00,,176.394,91.93748932,111.0018556,129.2908768,152.9662655,229.3240692
,,1/06/2005 5:05,,167.954,87.64882241,105.7761083,123.1661601,145.6778207,218.2823711
,,1/06/2005 5:10,,161.489,84.36372388,101.7732107,118.4746562,140.0949065,209.8244826
,,1/06/2005 5:15,,164.672,85.98112042,103.7440109,120.7844871,142.8436174,213.9886681
,,1/06/2005 5:20,,160.438,83.82967306,101.122469,117.7119693,139.1873051,208.4495034
,,1/06/2005 5:25,,156.518,81.83778037,98.69534465,114.8673142,135.8021506,203.3211318
,,1/06/2005 5:30,,151.898,79.49019255,95.83480528,111.514685,131.8125043,197.2769794
,,1/06/2005 5:35,,153.771,80.44193108,96.99450014,112.8738786,133.4299518,199.7273468
,,1/06/2005 5:40,,152.042,79.56336412,95.92396495,111.6191825,131.9368569,197.4653686
,,1/06/2005 5:45,,150.46,78.75949314,94.94444693,110.471161,130.5707052,195.3957043
,,1/06/2005 5:50,,148.738,77.88448314,93.87824589,109.2215446,129.0836552,193.1428839
,,1/06/2005 5:55,,146.449,76.72136009,92.46097866,107.5604692,127.1069668,190.1482812
,,1/06/2005 6:00,,140.473,73.68474001,88.76085242,103.2238215,121.9463333,182.3301309
,,1/06/2005 6:05,,144.024,75.48913055,90.95950508,105.8007017,125.0128343,186.9757554
,,1/06/2005 6:10,,144.309,75.63394928,91.13596692,106.0075197,125.2589488,187.3486089
,,1/06/2005 6:15,,141.324,74.11716365,89.28776129,103.8413729,122.6812228,183.4434586
,,1/06/2005 6:20,,138.916,72.89357243,87.7968135,102.0939419,120.6017707,180.2931731
,,1/06/2005 6:25,,136.094,71.45961294,86.04953166,100.0460805,118.1648049,176.6012688
,,1/06/2005 6:30,,132.162,69.46162262,83.61497738,97.19271724,114.7692877,171.4571981
,,1/06/2005 6:35,,130.204,68.46669255,82.40265356,95.77184103,113.0784376,168.8956288
,,1/06/2005 6:40,,126.566,66.61809418,80.1501336,93.13182692,109.936807,164.1361859
,,1/06/2005 6:45,,126.277,66.47124291,79.9711951,92.92210617,109.6872382,163.7580993
,,1/06/2005 6:50,,119.255,62.90311269,75.62342293,87.82639998,103.6233211,154.5715111
,,1/06/2005 6:55,,118.404,62.47068904,75.09651405,87.20884857,102.8884317,153.4581835
,,1/06/2005 7:00,,116.425,61.46508812,73.87118778,85.77273314,101.1794469,150.8691408
,,1/06/2005 7:05,,115.721,61.10736045,73.43529606,85.26185631,100.5715007,149.9481271
,,1/06/2005 7:10,,115.017,60.74963278,72.99940435,84.75097947,99.96355464,149.0271134
,,1/06/2005 7:15,,111.799,59.11445149,71.00693343,82.41574983,97.18461915,144.8171389
,,1/06/2005 7:20,,110.687,58.54940438,70.31842265,81.60879664,96.22434063,143.3623559
,,1/06/2005 7:25,,106.817,56.58291848,67.92225656,78.80042539,92.88236414,138.2993972
,,1/06/2005 7:30,,107.781,57.07276148,68.51913101,79.49997833,93.7148358,139.560558
,,1/06/2005 7:35,,104.897,55.60729757,66.73346098,77.40712492,91.22432929,135.7875417
,,1/06/2005 7:40,,105.308,55.81614142,66.98793753,77.7053783,91.57925237,136.3252357
,,1/06/2005 7:45,,103.669,54.9833067,65.97312714,76.51599316,90.16387783,134.1810008
,,1/06/2005 7:50,,102.037,54.15402893,64.9626509,75.33168777,88.75454821,132.0459236
,,1/06/2005 7:55,,101.359,53.80951279,64.54285746,74.83967854,88.16905465,131.1589246
,,1/06/2005 8:00,,100.953,53.60320962,64.29147673,74.54505354,87.81844937,130.6277718
,,1/06/2005 8:05,,96.918,51.5528813,61.79314852,71.61694553,84.33398551,125.3489505
,,1/06/2005 8:10,,96.65,51.41670088,61.62721247,71.42246401,84.10255147,124.9983373
,,1/06/2005 8:15,,93.723,49.92938713,59.81491837,69.29840647,81.57491189,121.1690659
,,1/06/2005 8:20,,93.855,49.99646107,59.89664807,69.39419588,81.68890178,121.341756
,,1/06/2005 8:25,,90.557,48.3206289,57.85464399,67.00091205,78.84088151,117.0271209
,,1/06/2005 8:30,,95.716,50.94210196,61.04891295,70.74468138,83.2959866,123.7764243
,,1/06/2005 8:35,,90.295,48.1874973,57.69242293,66.81078459,78.61462884,116.6843573
,,1/06/2005 8:40,,88.855,47.45578162,56.80082624,65.76580924,77.3711027,114.8004656
,,1/06/2005 8:45,,88.855,47.45578162,56.80082624,65.76580924,77.3711027,114.8004656
,,1/06/2005 8:50,,88.594,47.32315815,56.63922434,65.57640746,77.14571359,114.4590103
,,1/06/2005 8:55,,86.771,46.39682642,55.51048771,64.25349769,75.57144404,112.0740558
,,1/06/2005 9:00,,84.701,45.34498513,54.22881747,62.75134563,73.78387522,109.3659616
,,1/06/2005 9:05,,86.253,46.13361203,55.18976057,63.87759684,75.12412005,111.3963781
,,1/06/2005 9:10,,83.928,44.95219609,53.75020342,62.19039705,73.11634348,108.3546781
,,1/06/2005 9:15,,83.928,44.95219609,53.75020342,62.19039705,73.11634348,108.3546781
,,1/06/2005 9:20,,82.26,44.10462542,52.71743726,60.97996727,71.6759257,106.1725036
,,1/06/2005 9:25,,82.004,43.97454263,52.55893118,60.79419388,71.45485439,105.8375896
,,1/06/2005 9:30,,81.11,43.52026915,52.00539824,60.14543835,70.68283191,104.6680069
,,1/06/2005 9:35,,81.11,43.52026915,52.00539824,60.14543835,70.68283191,104.6680069
,,1/06/2005 9:40,,82.004,43.97454263,52.55893118,60.79419388,71.45485439,105.8375896
,,1/06/2005 9:45,,79.837,42.87341216,51.217202,59.22165111,69.58352027,103.0025943
,,1/06/2005 9:50,,78.316,42.10053747,50.275453,58.1178959,68.27004578,101.0127338
,,1/06/2005 9:55,,76.3,41.07613552,49.02721765,56.65493041,66.52910919,98.37528551
,,1/06/2005 10:00,,75.172,40.50295823,48.32880024,55.83636638,65.55501372,96.8995704
,,1/06/2005 10:05,,76.426,41.14016064,49.10523235,56.74636575,66.63791773,98.54012603
,,1/06/2005 10:10,,77.306,41.58732022,49.650097,57.3849618,67.39785037,99.69139313
,,1/06/2005 10:15,,76.551,41.20367762,49.1826279,56.83707541,66.74586271,98.70365829
,,1/06/2005 10:20,,77.18,41.5232951,49.57208229,57.29352645,67.28904183,99.52655262
,,1/06/2005 10:25,,75.422,40.6299922,48.48359133,56.01778571,65.77090367,97.22663492
,,1/06/2005 10:30,,73.3,39.55172784,47.16972455,54.47789842,63.93842974,94.45051129
,,1/06/2005 10:35,,71.688,38.73261279,46.1716316,53.30810657,62.54637132,92.34159927
,,1/06/2005 10:40,,73.176,39.48871899,47.09294817,54.38791444,63.83134832,94.28828728
,,1/06/2005 10:45,,71.812,38.79562164,46.24840798,53.39809056,62.65345273,92.50382327
,,1/06/2005 10:50,,71.688,38.73261279,46.1716316,53.30810657,62.54637132,92.34159927
,,1/06/2005 10:55,,71.935,38.85812235,46.32456519,53.48734887,62.75967059,92.66473901
,,1/06/2005 11:00,,70.453,38.10506496,45.4069636,52.41189508,61.47987494,90.72590055
,,1/06/2005 11:05,,69.715,37.73006068,44.9500203,51.87634521,60.8425678,89.76040609
,,1/06/2005 11:10,,67.755,36.73411433,43.73645815,50.45401765,59.14999055,87.19622026
,,1/06/2005 11:15,,67.633,36.67212175,43.6609201,50.36548501,59.04463626,87.03661278
,,1/06/2005 11:20,,69.224,37.48056596,44.6460106,51.52003764,60.41855993,89.11805137
,,1/06/2005 11:25,,67.633,36.67212175,43.6609201,50.36548501,59.04463626,87.03661278
,,1/06/2005 11:30,,65.324,35.49883598,42.23126958,48.68989607,57.05067664,84.01584488
,,1/06/2005 11:35,,66.659,36.1771974,43.05785401,49.6586753,58.20352899,85.76236941
,,1/06/2005 11:40,,65.93,35.80676633,42.60648318,49.12965653,57.57399389,84.80864927
,,1/06/2005 11:45,,66.052,35.86875891,42.68202124,49.21818916,57.67934819,84.96825676
,,1/06/2005 11:50,,65.567,35.622313,42.38172652,48.86623566,57.26052167,84.33375159
,,1/06/2005 11:55,,65.324,35.49883598,42.23126958,48.68989607,57.05067664,84.01584488
,,1/06/2005 12:00,,66.173,35.93024335,42.75694012,49.30599612,57.78383892,85.12655599
,,1/06/2005 12:05,,65.93,35.80676633,42.60648318,49.12965653,57.57399389,84.80864927
,,1/06/2005 12:10,,65.203,35.43735154,42.15635069,48.60208911,56.9461859,83.85754565
,,1/06/2005 12:15,,64.117,34.88551596,41.48393819,47.81400353,56.00835994,82.43677739
,,1/06/2005 12:20,,63.514,34.57911002,41.11058208,47.3764201,55.48763337,81.64789777
,,1/06/2005 12:25,,67.146,36.42465958,43.35938705,50.01208016,58.62408263,86.39949109
,,1/06/2005 12:30,,62.195,33.90887878,40.29390428,46.41925171,54.34859797,79.92230537
,,1/06/2005 12:35,,65.445,35.56032043,42.30618847,48.77770302,57.15516738,84.17414411
,,1/06/2005 12:40,,61.955,33.78692617,40.14530483,46.24508915,54.14134361,79.60832343
,,1/06/2005 12:45,,63.876,34.76305521,41.33471958,47.6391153,55.80024202,82.12148719
,,1/06/2005 12:50,,63.514,34.57911002,41.11058208,47.3764201,55.48763337,81.64789777
,,1/06/2005 12:55,,64.237,34.94649227,41.55823791,47.90108481,56.11198712,82.59376835
,,1/06/2005 13:00,,62.674,34.15227587,40.59048401,46.76685115,54.76224312,80.54896098
,,1/06/2005 13:05,,61.955,33.78692617,40.14530483,46.24508915,54.14134361,79.60832343
,,1/06/2005 13:10,,59.902,32.74372319,38.87416039,44.7552736,52.36845531,76.9224696
,,1/06/2005 13:15,,61.597,33.60501352,39.92364399,45.98529667,53.8321892,79.13996704
,,1/06/2005 13:20,,60.878,33.23966381,39.47846481,45.46353467,53.21128969,78.19932948
,,1/06/2005 13:25,,60.878,33.23966381,39.47846481,45.46353467,53.21128969,78.19932948
,,1/06/2005 13:30,,60.024,32.80571576,38.94969845,44.84380623,52.47380961,77.08207709
,,1/06/2005 13:35,,59.538,32.55876172,38.64878456,44.49112705,52.05411954,76.44626366
,,1/06/2005 13:40,,58.57,32.06688618,38.04943346,43.7886714,51.21819363,75.17986984
,,1/06/2005 13:45,,60.511,33.05317794,39.25123149,45.19721109,52.89436324,77.71919877
,,1/06/2005 13:50,,60.024,32.80571576,38.94969845,44.84380623,52.47380961,77.08207709
,,1/06/2005 13:55,,59.053,32.31231581,38.34848985,44.13917355,51.63529302,75.81175849
,,1/06/2005 14:00,,58.69,32.12786249,38.12373318,43.87575268,51.32182081,75.33686081
,,1/06/2005 14:05,,59.538,32.55876172,38.64878456,44.49112705,52.05411954,76.44626366
,,1/06/2005 14:10,,57.727,31.63852762,37.5274779,43.17692541,50.49021271,74.07700829
,,1/06/2005 14:15,,58.811,32.18934693,38.19865207,43.96355964,51.42631155,75.49516004
,,1/06/2005 14:20,,57.848,31.70001207,37.60239679,43.26473237,50.59470345,74.23530751
,,1/06/2005 14:25,,57.727,31.63852762,37.5274779,43.17692541,50.49021271,74.07700829
,,1/06/2005 14:30,,56.294,30.91036889,36.64021537,42.13702981,49.25273149,72.20227447
,,1/06/2005 14:35,,59.053,32.31231581,38.34848985,44.13917355,51.63529302,75.81175849
,,1/06/2005 14:40,,56.651,31.09177341,36.86125704,42.39609661,49.56102234,72.6693226
,,1/06/2005 14:45,,57.248,31.39513053,37.23089817,42.82932597,50.07656755,73.45035267
,,1/06/2005 14:50,,56.651,31.09177341,36.86125704,42.39609661,49.56102234,72.6693226
,,1/06/2005 14:55,,57.727,31.63852762,37.5274779,43.17692541,50.49021271,74.07700829
,,1/06/2005 15:00,,58.088,31.82196468,37.75099624,43.43889493,50.8019578,74.54928945
,,1/06/2005 15:05,,57.248,31.39513053,37.23089817,42.82932597,50.07656755,73.45035267
,,1/06/2005 15:10,,57.368,31.45610684,37.30519789,42.91640725,50.18019473,73.60734364
,,1/06/2005 15:15,,56.77,31.15224158,36.9349376,42.48245221,49.66378596,72.82500531
,,1/06/2005 15:20,,57.128,31.33415423,37.15659845,42.7422447,49.97294038,73.2933617
,,1/06/2005 15:25,,57.488,31.51708315,37.37949762,43.00348853,50.28382191,73.76433461
,,1/06/2005 15:30,,57.368,31.45610684,37.30519789,42.91640725,50.18019473,73.60734364
,,1/06/2005 15:35,,56.77,31.15224158,36.9349376,42.48245221,49.66378596,72.82500531
,,1/06/2005 15:40,,55.7,30.60853617,36.27243173,41.70597747,48.73977696,71.42516917
,,1/06/2005 15:45,,56.175,30.84990072,36.56653481,42.0506742,49.14996787,72.04659176
,,1/06/2005 15:50,,57.608,31.57805945,37.45379734,43.09056981,50.38744909,73.92132558
,,1/06/2005 15:55,,55.7,30.60853617,36.27243173,41.70597747,48.73977696,71.42516917
,,1/06/2005 16:00,,54.519,30.00842769,35.54119862,40.84895255,47.71991281,69.88011638
,,1/06/2005 16:05,,56.175,30.84990072,36.56653481,42.0506742,49.14996787,72.04659176
,,1/06/2005 16:10,,55.937,30.72896438,36.41917369,41.877963,48.94444063,71.73522633
,,1/06/2005 16:15,,55.581,30.548068,36.19875117,41.61962187,48.63701334,71.26948646
,,1/06/2005 16:20,,54.519,30.00842769,35.54119862,40.84895255,47.71991281,69.88011638
,,1/06/2005 16:25,,54.519,30.00842769,35.54119862,40.84895255,47.71991281,69.88011638
,,1/06/2005 16:30,,54.872,30.18779966,35.75976364,41.10511665,48.02474943,70.34193148
,,1/06/2005 16:35,,54.637,30.06838772,35.61426001,40.93458247,47.82181287,70.03449084
,,1/06/2005 16:40,,54.519,30.00842769,35.54119862,40.84895255,47.71991281,69.88011638
,,1/06/2005 16:45,,53.932,29.71015192,35.17774914,40.42297996,47.2130032,69.11216889
,,1/06/2005 16:50,,53.697,29.59073999,35.03224551,40.25244579,47.01006664,68.80472825
,,1/06/2005 16:55,,54.754,30.12783962,35.68670224,41.01948672,47.92284937,70.18755703
,,1/06/2005 17:00,,54.401,29.94846765,35.46813722,40.76332263,47.61801275,69.72574193
,,1/06/2005 17:05,,53.23,29.35344053,34.74309575,39.91355448,46.60678421,68.19377172
,,1/06/2005 17:10,,53.23,29.35344053,34.74309575,39.91355448,46.60678421,68.19377172
,,1/06/2005 17:15,,52.764,29.1166492,34.45456516,39.57538884,46.20436533,67.58412346
,,1/06/2005 17:20,,52.88,29.17559296,34.52638823,39.65956741,46.30453827,67.7358814
,,1/06/2005 17:25,,51.836,28.64509909,33.87998063,38.90196028,45.40298182,66.37005997
,,1/06/2005 17:30,,52.764,29.1166492,34.45456516,39.57538884,46.20436533,67.58412346
,,1/06/2005 17:35,,52.299,28.88036601,34.16665373,39.23794888,45.80281002,66.97578346
,,1/06/2005 17:40,,52.299,28.88036601,34.16665373,39.23794888,45.80281002,66.97578346
,,1/06/2005 17:45,,50.569,28.00129092,33.09549938,37.98252711,44.30885154,64.71249699
,,1/06/2005 17:50,,51.72,28.58615533,33.80815756,38.81778171,45.30280888,66.21830203
,,1/06/2005 17:55,,51.836,28.64509909,33.87998063,38.90196028,45.40298182,66.37005997
,,1/06/2005 18:00,,50.111,27.76856468,32.8119221,37.65016689,43.91334114,64.11331479
,,1/06/2005 18:05,,49.997,27.71063719,32.74133736,37.56743968,43.81489532,63.96417337
,,1/06/2005 18:10,,51.72,28.58615533,33.80815756,38.81778171,45.30280888,66.21830203
,,1/06/2005 18:15,,50.799,28.11816218,33.23790718,38.14943289,44.50747029,65.01339635
,,1/06/2005 18:20,,49.199,27.30514475,32.2472442,36.98834917,43.12577459,62.92018343
,,1/06/2005 18:25,,49.086,27.2477254,32.17727863,36.90634763,43.02819233,62.77235026
,,1/06/2005 18:30,,49.655,27.53685472,32.52958315,37.31925803,43.51955786,63.51674911
,,1/06/2005 18:35,,49.655,27.53685472,32.52958315,37.31925803,43.51955786,63.51674911
,,1/06/2005 18:40,,48.972,27.1897979,32.10669389,36.82362042,42.92974651,62.62320884
,,1/06/2005 18:45,,48.406,26.90219299,31.75624686,36.41288705,42.44097165,61.88273477
,,1/06/2005 18:50,,47.617,26.50127377,31.26772617,35.84032764,41.75962295,60.85051915
,,1/06/2005 18:55,,48.859,27.13237855,32.03672831,36.74161888,42.83216425,62.47537568
,,1/06/2005 19:00,,48.632,27.0170317,31.896178,36.57689013,42.63613617,62.1784011
,,1/06/2005 19:05,,47.955,26.6730237,31.47700373,36.08560658,42.05150617,61.29271038
,,1/06/2005 19:10,,48.068,26.73044306,31.5469693,36.16760811,42.14908843,61.44054354
,,1/06/2005 19:15,,46.386,25.87575849,30.50553484,34.94701885,40.69658082,59.24005346
,,1/06/2005 19:20,,47.617,26.50127377,31.26772617,35.84032764,41.75962295,60.85051915
,,1/06/2005 19:25,,47.28,26.33003198,31.05906778,35.59577438,41.4686033,60.40963618
,,1/06/2005 19:30,,47.955,26.6730237,31.47700373,36.08560658,42.05150617,61.29271038
,,1/06/2005 19:35,,47.168,26.27312076,30.98972137,35.51449852,41.3718846,60.26311128
,,1/06/2005 19:40,,47.617,26.50127377,31.26772617,35.84032764,41.75962295,60.85051915
,,1/06/2005 19:45,,47.955,26.6730237,31.47700373,36.08560658,42.05150617,61.29271038
,,1/06/2005 19:50,,47.056,26.21620954,30.92037497,35.43322266,41.2751659,60.11658637
,,1/06/2005 19:55,,45.719,25.53683185,30.09255221,34.46299207,40.12058642,58.36744533
,,1/06/2005 20:00,,46.498,25.93266971,30.57488125,35.02829471,40.79329952,59.38657837
,,1/06/2005 20:05,,45.83,25.59323494,30.16127945,34.54354226,40.21644156,58.51266197
,,1/06/2005 20:10,,44.835,25.08763973,29.54521091,33.82149332,39.35719954,57.21094519
,,1/06/2005 20:15,,45.941,25.64963802,30.2300067,34.62409244,40.3122967,58.65787862
,,1/06/2005 20:20,,45.941,25.64963802,30.2300067,34.62409244,40.3122967,58.65787862
,,1/06/2005 20:25,,45.055,25.19942962,29.68142707,33.98114233,39.5471827,57.49876196
,,1/06/2005 20:30,,44.614,24.97534169,29.40837559,33.66111863,39.16635282,56.92182015
,,1/06/2005 20:35,,44.945,25.14353467,29.61331899,33.90131782,39.45219112,57.35485358
,,1/06/2005 20:40,,45.166,25.25583271,29.75015432,34.06169251,39.64303784,57.64397861
,,1/06/2005 20:45,,45.055,25.19942962,29.68142707,33.98114233,39.5471827,57.49876196
,,1/06/2005 20:50,,44.835,25.08763973,29.54521091,33.82149332,39.35719954,57.21094519
,,1/06/2005 20:55,,43.737,24.52970652,28.86536844,33.02469961,38.40901086,55.77447782
,,1/06/2005 21:00,,43.083,24.19738565,28.46043494,32.55010664,37.84424274,54.91887704
,,1/06/2005 21:05,,43.409,24.36303795,28.66228253,32.78667745,38.12576324,55.34536917
,,1/06/2005 21:10,,43.083,24.19738565,28.46043494,32.55010664,37.84424274,54.91887704
,,1/06/2005 21:15,,43.628,24.47431971,28.79787952,32.94560078,38.31488284,55.63187769
,,1/06/2005 21:20,,43.846,24.58509333,28.93285735,33.10379844,38.50313888,55.91707795
,,1/06/2005 21:25,,43.083,24.19738565,28.46043494,32.55010664,37.84424274,54.91887704
,,1/06/2005 21:30,,42.54,23.92146786,28.12422869,32.15606385,37.37532976,54.20849291
,,1/06/2005 21:35,,42.215,23.75632369,27.92300028,31.92021872,37.09467282,53.78330903
,,1/06/2005 21:40,,41.676,23.48243845,27.58927068,31.52907864,36.62921408,53.07815793
,,1/06/2005 21:45,,41.676,23.48243845,27.58927068,31.52907864,36.62921408,53.07815793
,,1/06/2005 21:50,,43.083,24.19738565,28.46043494,32.55010664,37.84424274,54.91887704
,,1/06/2005 21:55,,41.891,23.59168766,27.72239102,31.68509927,36.81487944,53.35943341
,,1/06/2005 22:00,,41.891,23.59168766,27.72239102,31.68509927,36.81487944,53.35943341
,,1/06/2005 22:05,,40.493,22.88131369,26.85679924,30.67060236,35.60762282,51.53048863
,,1/06/2005 22:10,,41.031,23.1546908,27.18990967,31.06101677,36.072218,52.23433147
,,1/06/2005 22:15,,41.568,23.42755977,27.52240093,31.45070549,36.53594962,52.93686606
,,1/06/2005 22:20,,41.891,23.59168766,27.72239102,31.68509927,36.81487944,53.35943341
,,1/06/2005 22:25,,41.999,23.64656634,27.78926077,31.76347242,36.9081439,53.50072529
,,1/06/2005 22:30,,40.708,22.99056291,26.98991958,30.82662299,35.79328818,51.81176411
,,1/06/2005 22:35,,40.493,22.88131369,26.85679924,30.67060236,35.60762282,51.53048863
,,1/06/2005 22:40,,40.278,22.77206447,26.7236789,30.51458174,35.42195746,51.24921314
,,1/06/2005 22:45,,40.064,22.66332339,26.59117773,30.35928679,35.23715566,50.96924591
,,1/06/2005 22:50,,40.493,22.88131369,26.85679924,30.67060236,35.60762282,51.53048863
,,1/06/2005 22:55,,40.493,22.88131369,26.85679924,30.67060236,35.60762282,51.53048863
,,1/06/2005 23:00,,39.743,22.50021177,26.39242597,30.12634437,34.95995295,50.54929507
,,1/06/2005 23:05,,40.064,22.66332339,26.59117773,30.35928679,35.23715566,50.96924591
,,1/06/2005 23:10,,40.386,22.82694315,26.79054865,30.59295489,35.51522192,51.39050501
,,1/06/2005 23:15,,40.171,22.71769393,26.65742831,30.43693426,35.32955656,51.10922953
,,1/06/2005 23:20,,39.317,22.28374588,26.12866195,29.81720583,34.59207647,49.99197713
,,1/06/2005 23:25,,40.601,22.93619237,26.92366899,30.74897552,35.70088728,51.6717805
,,1/06/2005 23:30,,39.104,22.17551294,25.99677994,29.66263656,34.40813823,49.71331816
,,1/06/2005 23:35,,39.743,22.50021177,26.39242597,30.12634437,34.95995295,50.54929507
,,1/06/2005 23:40,,38.998,22.12165053,25.93114852,29.58571476,34.31660089,49.5746428
,,1/06/2005 23:45,,40.171,22.71769393,26.65742831,30.43693426,35.32955656,51.10922953
,,1/06/2005 23:50,,38.786,22.01392573,25.79988567,29.43187117,34.13352621,49.29729209
,,1/06/2005 23:55,,38.998,22.12165053,25.93114852,29.58571476,34.31660089,49.5746428
,,1/07/2005 0:00,,39.636,22.44584123,26.32617538,30.04869689,34.86755205,50.40931146
