,DateChar,Flow,Quality
0,01/05/2005 00:00:00,4.687,0
1,01/05/2005 00:05:00,4.673937808117297,0
2,01/05/2005 00:10:00,4.673937808117297,0
3,01/05/2005 00:15:00,4.699336514555886,0
4,01/05/2005 00:20:00,4.673937808117297,0
5,01/05/2005 00:25:00,4.699336514555886,0
6,01/05/2005 00:30:00,4.699336514555886,0
7,01/05/2005 00:35:00,4.699336514555886,0
8,01/05/2005 00:40:00,4.711673029111773,0
9,01/05/2005 00:45:00,4.724735220994475,0
10,01/05/2005 00:50:00,4.724735220994475,0
11,01/05/2005 00:55:00,4.737071735550361,0
12,01/05/2005 01:00:00,4.7501339274330645,0
13,01/05/2005 01:05:00,4.762470441988951,0
14,01/05/2005 01:10:00,4.762470441988951,0
15,01/05/2005 01:15:00,4.775532633871653,0
16,01/05/2005 01:20:00,4.788594825754356,0
17,01/05/2005 01:25:00,4.8009313403102425,0
18,01/05/2005 01:30:00,4.813993532192946,0
19,01/05/2005 01:35:00,4.840117915958351,0
20,01/05/2005 01:40:00,4.853180107841054,0
21,01/05/2005 01:45:00,4.878578814279643,0
22,01/05/2005 01:50:00,4.9184910672545685,0
23,01/05/2005 01:55:00,4.892366683489163,0
24,01/05/2005 02:00:00,4.9184910672545685,0
25,01/05/2005 02:05:00,4.931553259137272,0
26,01/05/2005 02:10:00,4.944615451019974,0
27,01/05/2005 02:15:00,4.957677642902677,0
28,01/05/2005 02:20:00,4.971465512112197,0
29,01/05/2005 02:25:00,5.011377765087123,0
30,01/05/2005 02:30:00,5.0520156953888655,0
31,01/05/2005 02:35:00,5.0520156953888655,0
32,01/05/2005 02:40:00,5.092653625690608,0
33,01/05/2005 02:45:00,5.134017233319167,0
34,01/05/2005 02:50:00,5.175380840947726,0
35,01/05/2005 02:55:00,5.231257995112623,0
36,01/05/2005 03:00:00,5.245045864322142,0
37,01/05/2005 03:05:00,5.301648695813855,0
38,01/05/2005 03:10:00,5.315436565023374,0
39,01/05/2005 03:15:00,5.387278620378241,0
40,01/05/2005 03:20:00,5.43081925998725,0
41,01/05/2005 03:25:00,5.459846353059923,0
42,01/05/2005 03:30:00,5.533139763068423,0
43,01/05/2005 03:35:00,5.562166856141096,0
44,01/05/2005 03:40:00,5.635460266149597,0
45,01/05/2005 03:45:00,5.62094671961326,0
46,01/05/2005 03:50:00,5.665213036549087,0
47,01/05/2005 03:55:00,5.73995780121122,0
48,01/05/2005 04:00:00,5.76971057161071,0
49,01/05/2005 04:05:00,5.814702565873353,0
50,01/05/2005 04:10:00,5.8756594613259665,0
51,01/05/2005 04:15:00,5.937342034105398,0
52,01/05/2005 04:20:00,5.967820481831704,0
53,01/05/2005 04:25:00,5.999024606884828,0
54,01/05/2005 04:30:00,6.061432856991075,0
55,01/05/2005 04:35:00,6.0766720808542285,0
56,01/05/2005 04:40:00,6.092636982044199,0
57,01/05/2005 04:45:00,6.171735810667233,0
58,01/05/2005 04:50:00,6.202939935720357,0
59,01/05/2005 04:55:00,6.234869738100298,0
60,01/05/2005 05:00:00,6.266799540480238,0
61,01/05/2005 05:05:00,6.315419921376966,0
62,01/05/2005 05:10:00,6.315419921376966,0
63,01/05/2005 05:15:00,6.380005203463663,0
64,01/05/2005 05:20:00,6.396695781980451,0
65,01/05/2005 05:25:00,6.412660683170421,0
66,01/05/2005 05:30:00,6.4946622211007226,0
67,01/05/2005 05:35:00,6.528043378134297,0
68,01/05/2005 05:40:00,6.560698857841054,0
69,01/05/2005 05:45:00,6.594080014874629,0
70,01/05/2005 05:50:00,6.627461171908202,0
71,01/05/2005 05:55:00,6.661568006268594,0
72,01/05/2005 06:00:00,6.7290559976625595,0
73,01/05/2005 06:05:00,6.779853410539737,0
74,01/05/2005 06:10:00,6.779853410539737,0
75,01/05/2005 06:15:00,6.796543989056524,0
76,01/05/2005 06:20:00,6.867660367084573,0
77,01/05/2005 06:25:00,6.906846942732682,0
78,01/05/2005 06:30:00,6.946759195707608,0
79,01/05/2005 06:35:00,7.006264736506587,0
80,01/05/2005 06:40:00,7.087540597110072,0
81,01/05/2005 06:45:00,7.128904204738632,0
82,01/05/2005 06:50:00,7.149948847216319,0
83,01/05/2005 06:55:00,7.191312454844879,0
84,01/05/2005 07:00:00,7.233401739800255,0
85,01/05/2005 07:05:00,7.340076306842329,0
86,01/05/2005 07:10:00,7.405387266255843,0
87,01/05/2005 07:15:00,7.427157586060348,0
88,01/05/2005 07:20:00,7.427157586060348,0
89,01/05/2005 07:25:00,7.470698225669358,0
90,01/05/2005 07:30:00,7.470698225669358,0
91,01/05/2005 07:35:00,7.448927905864854,0
92,01/05/2005 07:40:00,7.405387266255843,0
93,01/05/2005 07:45:00,7.470698225669358,0
94,01/05/2005 07:50:00,7.427157586060348,0
95,01/05/2005 07:55:00,7.427157586060348,0
96,01/05/2005 08:00:00,7.448927905864854,0
97,01/05/2005 08:05:00,7.3836169464513395,0
98,01/05/2005 08:10:00,7.3836169464513395,0
99,01/05/2005 08:15:00,7.3836169464513395,0
100,01/05/2005 08:20:00,7.340076306842329,0
101,01/05/2005 08:25:00,7.340076306842329,0
102,01/05/2005 08:30:00,7.254446382277942,0
103,01/05/2005 08:35:00,7.233401739800255,0
104,01/05/2005 08:40:00,7.233401739800255,0
105,01/05/2005 08:45:00,7.212357097322567,0
106,01/05/2005 08:50:00,7.149948847216319,0
107,01/05/2005 08:55:00,7.10858523958776,0
108,01/05/2005 09:00:00,7.087540597110072,0
109,01/05/2005 09:05:00,7.067221631959201,0
110,01/05/2005 09:10:00,7.04690266680833,0
111,01/05/2005 09:15:00,6.986671448682532,0
112,01/05/2005 09:20:00,6.9663524835316615,0
113,01/05/2005 09:25:00,6.887253654908628,0
114,01/05/2005 09:30:00,6.926440230556736,0
115,01/05/2005 09:35:00,6.867660367084573,0
116,01/05/2005 09:40:00,6.867660367084573,0
117,01/05/2005 09:45:00,6.8139602449001275,0
118,01/05/2005 09:50:00,6.779853410539737,0
119,01/05/2005 09:55:00,6.762437154696133,0
120,01/05/2005 10:00:00,6.7290559976625595,0
121,01/05/2005 10:05:00,6.711639741818955,0
122,01/05/2005 10:10:00,6.7290559976625595,0
123,01/05/2005 10:15:00,6.694949163302168,0
124,01/05/2005 10:20:00,6.661568006268594,0
125,01/05/2005 10:25:00,6.627461171908202,0
126,01/05/2005 10:30:00,6.644877427751807,0
127,01/05/2005 10:35:00,6.594080014874629,0
128,01/05/2005 10:40:00,6.577389436357841,0
129,01/05/2005 10:45:00,6.577389436357841,0
130,01/05/2005 10:50:00,6.528043378134297,0
131,01/05/2005 10:55:00,6.528043378134297,0
132,01/05/2005 11:00:00,6.4946622211007226,0
133,01/05/2005 11:05:00,6.4946622211007226,0
134,01/05/2005 11:10:00,6.4946622211007226,0
135,01/05/2005 11:15:00,6.4946622211007226,0
136,01/05/2005 11:20:00,6.528043378134297,0
137,01/05/2005 11:25:00,6.528043378134297,0
138,01/05/2005 11:30:00,6.560698857841054,0
139,01/05/2005 11:35:00,6.544733956651084,0
140,01/05/2005 11:40:00,6.544733956651084,0
141,01/05/2005 11:45:00,6.577389436357841,0
142,01/05/2005 11:50:00,6.610770593391416,0
143,01/05/2005 11:55:00,6.644877427751807,0
144,01/05/2005 12:00:00,6.661568006268594,0
145,01/05/2005 12:05:00,6.711639741818955,0
146,01/05/2005 12:10:00,6.762437154696133,0
147,01/05/2005 12:15:00,6.8306508234169145,0
148,01/05/2005 12:20:00,6.867660367084573,0
149,01/05/2005 12:25:00,6.946759195707608,0
150,01/05/2005 12:30:00,7.026583701657458,0
151,01/05/2005 12:35:00,7.170267812367191,0
152,01/05/2005 12:40:00,7.297261344560137,0
153,01/05/2005 12:45:00,7.49319422280068,0
154,01/05/2005 12:50:00,7.604948531130471,0
155,01/05/2005 12:55:00,7.765323220356992,0
156,01/05/2005 13:00:00,8.00189402889928,0
157,01/05/2005 13:05:00,8.297244700913728,0
158,01/05/2005 13:10:00,8.657180655014875,0
159,01/05/2005 13:15:00,9.091135696451339,0
160,01/05/2005 13:20:00,9.349476824798131,0
161,01/05/2005 13:25:00,9.792139994156397,0
162,01/05/2005 13:30:00,10.336397989269017,0
163,01/05/2005 13:35:00,10.799380123778153,0
164,01/05/2005 13:40:00,11.244220325116874,0
165,01/05/2005 13:45:00,11.453215395240118,0
166,01/05/2005 13:50:00,11.839275733106671,0
167,01/05/2005 13:55:00,12.239123940182747,0
168,01/05/2005 14:00:00,12.65203433914152,0
169,01/05/2005 14:05:00,13.030837903739904,0
170,01/05/2005 14:10:00,13.321834511793455,0
171,01/05/2005 14:15:00,13.780462582341691,0
172,01/05/2005 14:20:00,14.152735050998725,0
173,01/05/2005 14:25:00,14.701347110072248,0
174,01/05/2005 14:30:00,15.858076769018275,0
175,01/05/2005 14:35:00,16.52715126434339,0
176,01/05/2005 14:40:00,17.47923991712707,0
177,01/05/2005 14:45:00,17.805794714194644,0
178,01/05/2005 14:50:00,18.747723884402888,0
179,01/05/2005 14:55:00,20.23318537239694,0
180,01/05/2005 15:00:00,21.04594397843179,0
181,01/05/2005 15:05:00,21.652610223650658,0
182,01/05/2005 15:10:00,22.95012128399915,0
183,01/05/2005 15:15:00,23.40366961325967,0
184,01/05/2005 15:20:00,23.479865732575437,0
185,01/05/2005 15:25:00,24.246906667020824,0
186,01/05/2005 15:30:00,25.265031956544835,0
187,01/05/2005 15:35:00,25.742527637590307,0
188,01/05/2005 15:40:00,25.582878625690608,0
189,01/05/2005 15:45:00,25.982726832766684,0
190,01/05/2005 15:50:00,26.87530994475138,0
191,01/05/2005 15:55:00,27.783857957926053,0
192,01/05/2005 16:00:00,27.617677850085,0
193,01/05/2005 16:05:00,28.2860266680833,0
194,01/05/2005 16:10:00,29.21997338769656,0
195,01/05/2005 16:15:00,30.431854523480666,0
196,01/05/2005 16:20:00,31.136487207819805,0
197,01/05/2005 16:25:00,31.047954573948154,0
198,01/05/2005 16:30:00,32.47971593975775,0
199,01/05/2005 16:35:00,33.02615096685083,0
200,01/05/2005 16:40:00,32.84328028049299,0
201,01/05/2005 16:45:00,33.750376939014025,0
202,01/05/2005 16:50:00,34.5341084519762,0
203,01/05/2005 16:55:00,34.18505765777731,0
204,01/05/2005 17:00:00,34.97169188004675,0
205,01/05/2005 17:05:00,35.58561489853379,0
206,01/05/2005 17:10:00,36.3795058940714,0
207,01/05/2005 17:15:00,36.91070169730131,0
208,01/05/2005 17:20:00,38.24739933329791,0
209,01/05/2005 17:25:00,38.516625621546964,0
210,01/05/2005 17:30:00,38.875835898321284,0
211,01/05/2005 17:35:00,39.68714314970251,0
212,01/05/2005 17:40:00,41.13922348066298,0
213,01/05/2005 17:45:00,42.88230041967701,0
214,01/05/2005 17:50:00,43.15878348119422,0
215,01/05/2005 17:55:00,43.62103993837654,0
216,01/05/2005 18:00:00,46.23565534689757,0
217,01/05/2005 18:05:00,46.424331451869946,0
218,01/05/2005 18:10:00,47.652903166170844,0
219,01/05/2005 18:15:00,49.36985572141946,0
220,01/05/2005 18:20:00,50.81322792445814,0
221,01/05/2005 18:25:00,53.245698323948154,0
222,01/05/2005 18:30:00,53.834222635996596,0
223,01/05/2005 18:35:00,54.12957330801105,0
224,01/05/2005 18:40:00,55.51271429292393,0
225,01/05/2005 18:45:00,55.31460438270294,0
226,01/05/2005 18:50:00,55.90965979069273,0
227,01/05/2005 18:55:00,56.70645349553761,0
228,01/05/2005 19:00:00,56.00907758446663,0
229,01/05/2005 19:05:00,55.710824203144924,0
230,01/05/2005 19:10:00,55.116494472481946,0
231,01/05/2005 19:15:00,54.62230821291967,0
232,01/05/2005 19:20:00,55.413296499150015,0
233,01/05/2005 19:25:00,54.228265424458144,0
234,01/05/2005 19:30:00,53.73625619687633,0
235,01/05/2005 19:35:00,53.245698323948154,0
236,01/05/2005 19:40:00,52.36617740384615,0
237,01/05/2005 19:45:00,52.7565918056736,0
238,01/05/2005 19:50:00,51.00698377071823,0
239,01/05/2005 19:55:00,51.29725470144497,0
240,01/05/2005 20:00:00,51.68549207129196,0
241,01/05/2005 20:05:00,49.94604351891203,0
242,01/05/2005 20:10:00,49.657949620165745,0
243,01/05/2005 20:15:00,49.274066314279644,0
244,01/05/2005 20:20:00,50.33065250212494,0
245,01/05/2005 20:25:00,49.08248749999999,0
246,01/05/2005 20:30:00,48.3190749521887,0
247,01/05/2005 20:35:00,49.17827690713982,0
248,01/05/2005 20:40:00,48.604991818954524,0
249,01/05/2005 20:45:00,48.223285545048874,0
250,01/05/2005 20:50:00,49.17827690713982,0
251,01/05/2005 20:55:00,48.223285545048874,0
252,01/05/2005 21:00:00,47.46350138387165,0
253,01/05/2005 21:05:00,49.08248749999999,0
254,01/05/2005 21:10:00,48.79584495590735,0
255,01/05/2005 21:15:00,50.81322792445814,0
256,01/05/2005 21:20:00,51.49101054770506,0
257,01/05/2005 21:25:00,51.68549207129196,0
258,01/05/2005 21:30:00,51.58825130949851,0
259,01/05/2005 21:35:00,53.73625619687633,0
260,01/05/2005 21:40:00,56.20791317201445,0
261,01/05/2005 21:45:00,58.511213007331065,0
262,01/05/2005 21:50:00,60.9444090841479,0
263,01/05/2005 21:55:00,61.45528592222695,0
264,01/05/2005 22:00:00,64.96248444273269,0
265,01/05/2005 22:05:00,67.26505860072248,0
266,01/05/2005 22:10:00,70.1249529457076,0
267,01/05/2005 22:15:00,73.13143411070973,0
268,01/05/2005 22:20:00,76.83819389609009,0
269,01/05/2005 22:25:00,80.49343059126646,0
270,01/05/2005 22:30:00,85.91351454526138,0
271,01/05/2005 22:35:00,88.19359270611984,0
272,01/05/2005 22:40:00,94.53891525180619,0
273,01/05/2005 22:45:00,95.14340446504463,0
274,01/05/2005 22:50:00,99.37337760305992,0
275,01/05/2005 22:55:00,105.517687529218,0
276,01/05/2005 23:00:00,108.33766962122822,0
277,01/05/2005 23:05:00,113.67575203729281,0
278,01/05/2005 23:10:00,113.97763380524862,0
279,01/05/2005 23:15:00,120.02107458297917,0
280,01/05/2005 23:20:00,124.25975584891627,0
281,01/05/2005 23:25:00,130.6420879382703,0
282,01/05/2005 23:30:00,132.56440717700806,0
283,01/05/2005 23:35:00,140.82043812420315,0
284,01/05/2005 23:40:00,149.21507344082022,0
285,01/05/2005 23:45:00,157.63655881852955,0
286,01/05/2005 23:50:00,163.54647496812578,0
287,01/05/2005 23:55:00,179.8147092807055,0
288,01/06/2005 00:00:00,186.90820515034,0
289,01/06/2005 00:05:00,194.0793484939439,0
290,01/06/2005 00:10:00,201.58285205322994,0
291,01/06/2005 00:15:00,208.90493628081174,0
292,01/06/2005 00:20:00,221.4460918428602,0
293,01/06/2005 00:25:00,227.31682141680832,0
294,01/06/2005 00:30:00,231.63242447938802,0
295,01/06/2005 00:35:00,243.92177000903104,0
296,01/06/2005 00:40:00,253.60738529005525,0
297,01/06/2005 00:45:00,247.982660329898,0
298,01/06/2005 00:50:00,252.8577606114535,0
299,01/06/2005 00:55:00,250.81570461379093,0
300,01/06/2005 01:00:00,261.2843257304505,0
301,01/06/2005 01:05:00,252.66255341053977,0
302,01/06/2005 01:10:00,252.10378186889076,0
303,01/06/2005 01:15:00,270.7275647843179,0
304,01/06/2005 01:20:00,275.9582469560136,0
305,01/06/2005 01:25:00,277.6142426158096,0
306,01/06/2005 01:30:00,276.80075833244797,0
307,01/06/2005 01:35:00,277.8392025871228,0
308,01/06/2005 01:40:00,277.89,0
309,01/06/2005 01:45:00,273.2558245909477,0
310,01/06/2005 01:50:00,270.4772061065661,0
311,01/06/2005 01:55:00,269.6688015644922,0
312,01/06/2005 02:00:00,253.06240161761582,0
313,01/06/2005 02:05:00,255.2140348916277,0
314,01/06/2005 02:10:00,250.96954820707606,0
315,01/06/2005 02:15:00,257.17771773799404,0
316,01/06/2005 02:20:00,243.02555851041225,0
317,01/06/2005 02:25:00,238.10836894390138,0
318,01/06/2005 02:30:00,230.32402825913726,0
319,01/06/2005 02:35:00,223.31543663674034,0
320,01/06/2005 02:40:00,224.9395024941564,0
321,01/06/2005 02:45:00,217.97082312473438,0
322,01/06/2005 02:50:00,213.53403194857628,0
323,01/06/2005 02:55:00,208.29319029430516,0
324,01/06/2005 03:00:00,200.85572337175944,0
325,01/06/2005 03:05:00,193.71868686251597,0
326,01/06/2005 03:10:00,192.50535437207822,0
327,01/06/2005 03:15:00,184.0664527385253,0
328,01/06/2005 03:20:00,182.29870277039947,0
329,01/06/2005 03:25:00,172.50568724500638,0
330,01/06/2005 03:30:00,175.7966339221207,0
331,01/06/2005 03:35:00,181.1724515591798,0
332,01/06/2005 03:40:00,174.37430636155972,0
333,01/06/2005 03:45:00,169.1167741287718,0
334,01/06/2005 03:50:00,166.8323419039524,0
335,01/06/2005 03:55:00,162.1959894629197,0
336,01/06/2005 04:00:00,152.59237571982575,0
337,01/06/2005 04:05:00,148.49229882331068,0
338,01/06/2005 04:10:00,148.0372991393965,0
339,01/06/2005 04:15:00,146.81380716638333,0
340,01/06/2005 04:20:00,145.37333767265196,0
341,01/06/2005 04:25:00,138.96705823151296,0
342,01/06/2005 04:30:00,141.9176622423502,0
343,01/06/2005 04:35:00,138.16881317201444,0
344,01/06/2005 04:40:00,135.75085631906077,0
345,01/06/2005 04:45:00,136.06144621493837,0
346,01/06/2005 04:50:00,135.93662971472588,0
347,01/06/2005 04:55:00,130.71030160699107,0
348,01/06/2005 05:00:00,129.29087675573737,0
349,01/06/2005 05:05:00,123.16616011740332,0
350,01/06/2005 05:10:00,118.4746561995325,0
351,01/06/2005 05:15:00,120.78448713079047,0
352,01/06/2005 05:20:00,117.711969329048,0
353,01/06/2005 05:25:00,114.86731420792604,0
354,01/06/2005 05:30:00,111.51468495803229,0
355,01/06/2005 05:35:00,112.8738785911602,0
356,01/06/2005 05:40:00,111.61918249309392,0
357,01/06/2005 05:45:00,110.4711609620697,0
358,01/06/2005 05:50:00,109.22154460529111,0
359,01/06/2005 05:55:00,107.5604692042074,0
360,01/06/2005 06:00:00,103.22382149915002,0
361,01/06/2005 06:05:00,105.80070168667658,0
362,01/06/2005 06:10:00,106.00751972481936,0
363,01/06/2005 06:15:00,103.84137290427114,0
364,01/06/2005 06:20:00,102.0939419012962,0
365,01/06/2005 06:25:00,100.0460804850191,0
366,01/06/2005 06:30:00,97.19271723597535,0
367,01/06/2005 06:35:00,95.771841030068,0
368,01/06/2005 06:40:00,93.13182691510838,0
369,01/06/2005 06:45:00,92.92210616765831,0
370,01/06/2005 06:50:00,87.82639997875053,0
371,01/06/2005 06:55:00,87.20884857362941,0
372,01/06/2005 07:00:00,85.77273314385891,0
373,01/06/2005 07:05:00,85.26185630577986,0
374,01/06/2005 07:10:00,84.7509794677008,0
375,01/06/2005 07:15:00,82.41574983000426,0
376,01/06/2005 07:20:00,81.60879664258393,0
377,01/06/2005 07:25:00,78.8004253878028,0
378,01/06/2005 07:30:00,79.49997833085423,0
379,01/06/2005 07:35:00,77.4071249203145,0
380,01/06/2005 07:40:00,77.70537830163622,0
381,01/06/2005 07:45:00,76.51599316298343,0
382,01/06/2005 07:50:00,75.33168776561837,0
383,01/06/2005 07:55:00,74.83967853803655,0
384,01/06/2005 08:00:00,74.54505354334891,0
385,01/06/2005 08:05:00,71.61694552964302,0
386,01/06/2005 08:10:00,71.4224640060561,0
387,01/06/2005 08:15:00,69.29840647046323,0
388,01/06/2005 08:20:00,69.39419587760307,0
389,01/06/2005 08:25:00,67.00091205376117,0
390,01/06/2005 08:30:00,70.74468138280918,0
391,01/06/2005 08:35:00,66.81078459413516,0
392,01/06/2005 08:40:00,65.76580924351892,0
393,01/06/2005 08:45:00,65.76580924351892,0
394,01/06/2005 08:50:00,65.57640746121972,0
395,01/06/2005 08:55:00,64.25349769443264,0
396,01/06/2005 09:00:00,62.75134562792179,0
397,01/06/2005 09:05:00,63.87759683914152,0
398,01/06/2005 09:10:00,62.19039705429239,0
399,01/06/2005 09:15:00,62.19039705429239,0
400,01/06/2005 09:20:00,60.979967273161925,0
401,01/06/2005 09:25:00,60.79419387749682,0
402,01/06/2005 09:30:00,60.14543834732256,0
403,01/06/2005 09:35:00,60.14543834732256,0
404,01/06/2005 09:40:00,60.79419387749682,0
405,01/06/2005 09:45:00,59.22165111028474,0
406,01/06/2005 09:50:00,58.117895896196345,0
407,01/06/2005 09:55:00,56.654930405333616,0
408,01/06/2005 10:00:00,55.83636638068423,0
409,01/06/2005 10:05:00,56.74636574851254,0
410,01/06/2005 10:10:00,57.38496179611134,0
411,01/06/2005 10:15:00,56.83707541436464,0
412,01/06/2005 10:20:00,57.29352645293243,0
413,01/06/2005 10:25:00,56.01778571238844,0
414,01/06/2005 10:30:00,54.47789842488313,0
415,01/06/2005 10:35:00,53.3081065740544,0
416,01/06/2005 10:40:00,54.387914436357846,0
417,01/06/2005 10:45:00,53.39809056257968,0
418,01/06/2005 10:50:00,53.3081065740544,0
419,01/06/2005 10:55:00,53.48734887377816,0
420,01/06/2005 11:00:00,52.411895075435616,0
421,01/06/2005 11:05:00,51.8763452082448,0
422,01/06/2005 11:10:00,50.4540176476838,0
423,01/06/2005 11:15:00,50.36548501381215,0
424,01/06/2005 11:20:00,51.52003764077774,0
425,01/06/2005 11:25:00,50.36548501381215,0
426,01/06/2005 11:30:00,48.6898960661921,0
427,01/06/2005 11:35:00,49.65867529749257,0
428,01/06/2005 11:40:00,49.129656526243096,0
429,01/06/2005 11:45:00,49.218189160114754,0
430,01/06/2005 11:50:00,48.86623565660857,0
431,01/06/2005 11:55:00,48.6898960661921,0
432,01/06/2005 12:00:00,49.305996116659585,0
433,01/06/2005 12:05:00,49.129656526243096,0
434,01/06/2005 12:10:00,48.60208910964726,0
435,01/06/2005 12:15:00,47.814003532724186,0
436,01/06/2005 12:20:00,47.37642010465363,0
437,01/06/2005 12:25:00,50.012080155652356,0
438,01/06/2005 12:30:00,46.41925171058224,0
439,01/06/2005 12:35:00,48.77770302273692,0
440,01/06/2005 12:40:00,46.2450891521462,0
441,01/06/2005 12:45:00,47.63911529696132,0
442,01/06/2005 12:50:00,47.37642010465363,0
443,01/06/2005 12:55:00,47.9010848119422,0
444,01/06/2005 13:00:00,46.76685115012749,0
445,01/06/2005 13:05:00,46.2450891521462,0
446,01/06/2005 13:10:00,44.755273600191245,0
447,01/06/2005 13:15:00,45.98529666914577,0
448,01/06/2005 13:20:00,45.463534671164474,0
449,01/06/2005 13:25:00,45.463534671164474,0
450,01/06/2005 13:30:00,44.843806234062896,0
451,01/06/2005 13:35:00,44.49112705322992,0
452,01/06/2005 13:40:00,43.78867140087123,0
453,01/06/2005 13:45:00,45.197211092222695,0
454,01/06/2005 13:50:00,44.843806234062896,0
455,01/06/2005 13:55:00,44.13917354972376,0
456,01/06/2005 14:00:00,43.87575268008925,0
457,01/06/2005 14:05:00,44.49112705322992,0
458,01/06/2005 14:10:00,43.17692541436463,0
459,01/06/2005 14:15:00,43.96355963663409,0
460,01/06/2005 14:20:00,43.26473237090948,0
461,01/06/2005 14:25:00,43.17692541436463,0
462,01/06/2005 14:30:00,42.13702980503612,0
463,01/06/2005 14:35:00,44.13917354972376,0
464,01/06/2005 14:40:00,42.39609661070973,0
465,01/06/2005 14:45:00,42.829325974819376,0
466,01/06/2005 14:50:00,42.39609661070973,0
467,01/06/2005 14:55:00,43.17692541436463,0
468,01/06/2005 15:00:00,43.438894929345516,0
469,01/06/2005 15:05:00,42.829325974819376,0
470,01/06/2005 15:10:00,42.9164072540374,0
471,01/06/2005 15:15:00,42.48245221260094,0
472,01/06/2005 15:20:00,42.74224469560136,0
473,01/06/2005 15:25:00,43.00348853325542,0
474,01/06/2005 15:30:00,42.9164072540374,0
475,01/06/2005 15:35:00,42.48245221260094,0
476,01/06/2005 15:40:00,41.70597747290693,0
477,01/06/2005 15:45:00,42.050674203144915,0
478,01/06/2005 15:50:00,43.09056981247344,0
479,01/06/2005 15:55:00,41.70597747290693,0
480,01/06/2005 16:00:00,40.84895254993625,0
481,01/06/2005 16:05:00,42.050674203144915,0
482,01/06/2005 16:10:00,41.877962999362516,0
483,01/06/2005 16:15:00,41.61962187101573,0
484,01/06/2005 16:20:00,40.84895254993625,0
485,01/06/2005 16:25:00,40.84895254993625,0
486,01/06/2005 16:30:00,41.10511664630259,0
487,01/06/2005 16:35:00,40.93458247450064,0
488,01/06/2005 16:40:00,40.84895254993625,0
489,01/06/2005 16:45:00,40.42297995909477,0
490,01/06/2005 16:50:00,40.25244578729282,0
491,01/06/2005 16:55:00,41.019486721738204,0
492,01/06/2005 17:00:00,40.76332262537187,0
493,01/06/2005 17:05:00,39.91355447566936,0
494,01/06/2005 17:10:00,39.91355447566936,0
495,01/06/2005 17:15:00,39.575388841372714,0
496,01/06/2005 17:20:00,39.659567411283476,0
497,01/06/2005 17:25:00,38.90196028208669,0
498,01/06/2005 17:30:00,39.575388841372714,0
499,01/06/2005 17:35:00,39.23794888440289,0
500,01/06/2005 17:40:00,39.23794888440289,0
501,01/06/2005 17:45:00,37.98252710900978,0
502,01/06/2005 17:50:00,38.81778171217594,0
503,01/06/2005 17:55:00,38.90196028208669,0
504,01/06/2005 18:00:00,37.650166893327665,0
505,01/06/2005 18:05:00,37.56743967807055,0
506,01/06/2005 18:10:00,38.81778171217594,0
507,01/06/2005 18:15:00,38.14943289417764,0
508,01/06/2005 18:20:00,36.98834917127072,0
509,01/06/2005 18:25:00,36.90634763334042,0
510,01/06/2005 18:30:00,37.31925803229919,0
511,01/06/2005 18:35:00,37.31925803229919,0
512,01/06/2005 18:40:00,36.8236204180833,0
513,01/06/2005 18:45:00,36.412887051104974,0
514,01/06/2005 18:50:00,35.84032764024649,0
515,01/06/2005 18:55:00,36.741618880153,0
516,01/06/2005 19:00:00,36.57689012696558,0
517,01/06/2005 19:05:00,36.08560657671058,0
518,01/06/2005 19:10:00,36.167608114640885,0
519,01/06/2005 19:15:00,34.94701885093498,0
520,01/06/2005 19:20:00,35.84032764024649,0
521,01/06/2005 19:25:00,35.59577438110922,0
522,01/06/2005 19:30:00,36.08560657671058,0
523,01/06/2005 19:35:00,35.51449852050574,0
524,01/06/2005 19:40:00,35.84032764024649,0
525,01/06/2005 19:45:00,36.08560657671058,0
526,01/06/2005 19:50:00,35.433222659902256,0
527,01/06/2005 19:55:00,34.46299207394816,0
528,01/06/2005 20:00:00,35.02829471153846,0
529,01/06/2005 20:05:00,34.54354225722482,0
530,01/06/2005 20:10:00,33.821493317042076,0
531,01/06/2005 20:15:00,34.62409244050149,0
532,01/06/2005 20:20:00,34.62409244050149,0
533,01/06/2005 20:25:00,33.98114232894178,0
534,01/06/2005 20:30:00,33.661118627815554,0
535,01/06/2005 20:35:00,33.90131782299193,0
536,01/06/2005 20:40:00,34.06169251221844,0
537,01/06/2005 20:45:00,33.98114232894178,0
538,01/06/2005 20:50:00,33.821493317042076,0
539,01/06/2005 20:55:00,33.024699612197196,0
540,01/06/2005 21:00:00,32.550106640458985,0
541,01/06/2005 21:05:00,32.786677449001274,0
542,01/06/2005 21:10:00,32.550106640458985,0
543,01/06/2005 21:15:00,32.945600783574164,0
544,01/06/2005 21:20:00,33.10379844082023,0
545,01/06/2005 21:25:00,32.550106640458985,0
546,01/06/2005 21:30:00,32.15606385199745,0
547,01/06/2005 21:35:00,31.92021872078199,0
548,01/06/2005 21:40:00,31.529078641627713,0
549,01/06/2005 21:45:00,31.529078641627713,0
550,01/06/2005 21:50:00,32.550106640458985,0
551,01/06/2005 21:55:00,31.685099266893328,0
552,01/06/2005 22:00:00,31.685099266893328,0
553,01/06/2005 22:05:00,30.670602364003404,0
554,01/06/2005 22:10:00,31.061016765830857,0
555,01/06/2005 22:15:00,31.45070549033149,0
556,01/06/2005 22:20:00,31.685099266893328,0
557,01/06/2005 22:25:00,31.76347241818955,0
558,01/06/2005 22:30:00,30.82662298926902,0
559,01/06/2005 22:35:00,30.670602364003404,0
560,01/06/2005 22:40:00,30.514581738737785,0
561,01/06/2005 22:45:00,30.359286790798983,0
562,01/06/2005 22:50:00,30.670602364003404,0
563,01/06/2005 22:55:00,30.670602364003404,0
564,01/06/2005 23:00:00,30.126344368890784,0
565,01/06/2005 23:05:00,30.359286790798983,0
566,01/06/2005 23:10:00,30.592954890034004,0
567,01/06/2005 23:15:00,30.436934264768382,0
568,01/06/2005 23:20:00,29.81720582766681,0
569,01/06/2005 23:25:00,30.748975515299623,0
570,01/06/2005 23:30:00,29.662636557054828,0
571,01/06/2005 23:35:00,30.126344368890784,0
572,01/06/2005 23:40:00,29.58571476041224,0
573,01/06/2005 23:45:00,30.436934264768382,0
574,01/06/2005 23:50:00,29.431871167127074,0
575,01/06/2005 23:55:00,29.58571476041224,0
576,01/07/2005 00:00:00,30.048696894921385,0
577,01/07/2005 00:05:00,28.895595622609434,0
578,01/07/2005 00:10:00,28.362948464725886,0
579,01/07/2005 00:15:00,29.124909657883556,0
580,01/07/2005 00:20:00,29.124909657883556,0
581,01/07/2005 00:25:00,29.35494937048449,0
582,01/07/2005 00:30:00,29.278027573841904,0
583,01/07/2005 00:35:00,29.04871353856779,0
584,01/07/2005 00:40:00,28.667007264662136,0
585,01/07/2005 00:45:00,28.971791741925205,0
586,01/07/2005 00:50:00,27.90940013546537,0
587,01/07/2005 00:55:00,28.743203383977903,0
588,01/07/2005 01:00:00,28.5146150260306,0
589,01/07/2005 01:05:00,28.743203383977903,0
590,01/07/2005 01:10:00,29.04871353856779,0
591,01/07/2005 01:15:00,27.984870577454316,0
592,01/07/2005 01:20:00,28.135811461432215,0
593,01/07/2005 01:25:00,28.135811461432215,0
594,01/07/2005 01:30:00,27.90940013546537,0
595,01/07/2005 01:35:00,27.532773602847428,0
596,01/07/2005 01:40:00,27.984870577454316,0
597,01/07/2005 01:45:00,27.90940013546537,0
598,01/07/2005 01:50:00,27.383284073523164,0
599,01/07/2005 01:55:00,28.43914458404165,0
600,01/07/2005 02:00:00,27.833929693476417,0
601,01/07/2005 02:05:00,27.608244044836383,0
602,01/07/2005 02:10:00,27.833929693476417,0
603,01/07/2005 02:15:00,26.860796398215047,0
604,01/07/2005 02:20:00,27.532773602847428,0
605,01/07/2005 02:25:00,26.93481548555036,0
606,01/07/2005 02:30:00,27.158324102209942,0
607,01/07/2005 02:35:00,26.93481548555036,0
608,01/07/2005 02:40:00,26.786051633552912,0
609,01/07/2005 02:45:00,27.23306886687208,0
610,01/07/2005 02:50:00,27.23306886687208,0
611,01/07/2005 02:55:00,27.009560250212495,0
612,01/07/2005 03:00:00,27.08430501487463,0
613,01/07/2005 03:05:00,26.860796398215047,0
614,01/07/2005 03:10:00,27.158324102209942,0
615,01/07/2005 03:15:00,27.08430501487463,0
616,01/07/2005 03:20:00,27.383284073523164,0
617,01/07/2005 03:25:00,26.637287781555465,0
618,01/07/2005 03:30:00,26.93481548555036,0
619,01/07/2005 03:35:00,26.637287781555465,0
620,01/07/2005 03:40:00,26.563268694220145,0
621,01/07/2005 03:45:00,26.712032546217593,0
622,01/07/2005 03:50:00,25.67939371015725,0
623,01/07/2005 03:55:00,26.341211432214195,0
624,01/07/2005 04:00:00,26.637287781555465,0
625,01/07/2005 04:05:00,26.19389893487038,0
626,01/07/2005 04:10:00,26.04658643752656,0
627,01/07/2005 04:15:00,26.119879847535064,0
628,01/07/2005 04:20:00,25.75268712016575,0
629,01/07/2005 04:25:00,26.119879847535064,0
630,01/07/2005 04:30:00,25.75268712016575,0
631,01/07/2005 04:35:00,26.119879847535064,0
632,01/07/2005 04:40:00,25.459513480131747,0
633,01/07/2005 04:45:00,25.67939371015725,0
634,01/07/2005 04:50:00,25.532806890140243,0
635,01/07/2005 04:55:00,25.313652337441564,0
636,01/07/2005 05:00:00,25.167791194751377,0
637,01/07/2005 05:05:00,25.24108460475988,0
638,01/07/2005 05:10:00,25.386945747450067,0
639,01/07/2005 05:15:00,25.532806890140243,0
640,01/07/2005 05:20:00,25.0952234620697,0
641,01/07/2005 05:25:00,25.459513480131747,0
642,01/07/2005 05:30:00,25.24108460475988,0
643,01/07/2005 05:35:00,25.167791194751377,0
644,01/07/2005 05:40:00,24.66054274330642,0
645,01/07/2005 05:45:00,24.37172316723332,0
646,01/07/2005 05:50:00,25.0952234620697,0
647,01/07/2005 05:55:00,24.804952531342963,0
648,01/07/2005 06:00:00,24.58797501062473,0
649,01/07/2005 06:05:00,25.167791194751377,0
650,01/07/2005 06:10:00,24.08508062314067,0
651,01/07/2005 06:15:00,24.58797501062473,0
652,01/07/2005 06:20:00,24.37172316723332,0
653,01/07/2005 06:25:00,24.66054274330642,0
654,01/07/2005 06:30:00,24.58797501062473,0
655,01/07/2005 06:35:00,24.516132955269867,0
656,01/07/2005 06:40:00,24.516132955269867,0
657,01/07/2005 06:45:00,24.804952531342963,0
658,01/07/2005 06:50:00,24.733110475988102,0
659,01/07/2005 06:55:00,24.516132955269867,0
660,01/07/2005 07:00:00,24.15619700116872,0
661,01/07/2005 07:05:00,24.15619700116872,0
662,01/07/2005 07:10:00,23.941396512430938,0
663,01/07/2005 07:15:00,24.08508062314067,0
664,01/07/2005 07:20:00,24.15619700116872,0
665,01/07/2005 07:25:00,24.013238567785805,0
666,01/07/2005 07:30:00,23.870280134402893,0
667,01/07/2005 07:35:00,23.798438079048022,0
668,01/07/2005 07:40:00,23.585088944963875,0
669,01/07/2005 07:45:00,23.22950705482363,0
670,01/07/2005 07:50:00,23.08799997609435,0
671,01/07/2005 07:55:00,23.159116354122396,0
672,01/07/2005 08:00:00,23.159116354122396,0
673,01/07/2005 08:05:00,23.22950705482363,0
674,01/07/2005 08:10:00,23.159116354122396,0
675,01/07/2005 08:15:00,23.08799997609435,0
676,01/07/2005 08:20:00,23.08799997609435,0
677,01/07/2005 08:25:00,22.665655771886954,0
678,01/07/2005 08:30:00,22.665655771886954,0
679,01/07/2005 08:35:00,23.08799997609435,0
680,01/07/2005 08:40:00,22.665655771886954,0
681,01/07/2005 08:45:00,23.08799997609435,0
682,01/07/2005 08:50:00,22.806437173289417,0
683,01/07/2005 08:55:00,22.45520934711007,0
684,01/07/2005 09:00:00,22.665655771886954,0
685,01/07/2005 09:05:00,23.017609275393117,0
686,01/07/2005 09:10:00,22.736046472588185,0
687,01/07/2005 09:15:00,22.876827873990653,0
688,01/07/2005 09:20:00,23.159116354122396,0
689,01/07/2005 09:25:00,22.595265071185718,0
690,01/07/2005 09:30:00,22.595265071185718,0
691,01/07/2005 09:35:00,22.806437173289417,0
692,01/07/2005 09:40:00,22.52487437048449,0
693,01/07/2005 09:45:00,22.665655771886954,0
694,01/07/2005 09:50:00,22.665655771886954,0
695,01/07/2005 09:55:00,23.159116354122396,0
696,01/07/2005 10:00:00,23.08799997609435,0
697,01/07/2005 10:05:00,22.806437173289417,0
698,01/07/2005 10:10:00,22.38481864640884,0
699,01/07/2005 10:15:00,22.315153623034426,0
700,01/07/2005 10:20:00,22.665655771886954,0
701,01/07/2005 10:25:00,22.315153623034426,0
702,01/07/2005 10:30:00,22.876827873990653,0
703,01/07/2005 10:35:00,22.45520934711007,0
704,01/07/2005 10:40:00,22.52487437048449,0
705,01/07/2005 10:45:00,21.966828506162347,0
706,01/07/2005 10:50:00,22.595265071185718,0
707,01/07/2005 10:55:00,22.595265071185718,0
708,01/07/2005 11:00:00,22.736046472588185,0
709,01/07/2005 11:05:00,22.45520934711007,0
710,01/07/2005 11:10:00,22.45520934711007,0
711,01/07/2005 11:15:00,22.245488599660007,0
712,01/07/2005 11:20:00,22.876827873990653,0
713,01/07/2005 11:25:00,22.245488599660007,0
714,01/07/2005 11:30:00,22.38481864640884,0
715,01/07/2005 11:35:00,21.827498459413516,0
716,01/07/2005 11:40:00,21.827498459413516,0
717,01/07/2005 11:45:00,21.827498459413516,0
718,01/07/2005 11:50:00,21.758559113365916,0
719,01/07/2005 11:55:00,21.758559113365916,0
720,01/07/2005 12:00:00,22.036493529536763,0
721,01/07/2005 12:05:00,21.897163482787928,0
722,01/07/2005 12:10:00,21.897163482787928,0
723,01/07/2005 12:15:00,21.966828506162347,0
724,01/07/2005 12:20:00,22.036493529536763,0
725,01/07/2005 12:25:00,21.827498459413516,0
726,01/07/2005 12:30:00,21.6888940899915,0
727,01/07/2005 12:35:00,21.758559113365916,0
728,01/07/2005 12:40:00,21.619954743943904,0
729,01/07/2005 12:45:00,21.413136705801104,0
730,01/07/2005 12:50:00,21.482076051848704,0
731,01/07/2005 12:55:00,21.413136705801104,0
732,01/07/2005 13:00:00,21.344197359753505,0
733,01/07/2005 13:05:00,21.5510153978963,0
734,01/07/2005 13:10:00,21.413136705801104,0
735,01/07/2005 13:15:00,21.5510153978963,0
736,01/07/2005 13:20:00,21.413136705801104,0
737,01/07/2005 13:25:00,21.344197359753505,0
738,01/07/2005 13:30:00,21.20631866765831,0
739,01/07/2005 13:35:00,20.6584322859116,0
740,01/07/2005 13:40:00,21.275258013705905,0
741,01/07/2005 13:45:00,21.137379321610712,0
742,01/07/2005 13:50:00,20.726645954632385,0
743,01/07/2005 13:55:00,21.344197359753505,0
744,01/07/2005 14:00:00,20.79485962335317,0
745,01/07/2005 14:05:00,20.79485962335317,0
746,01/07/2005 14:10:00,20.863798969400765,0
747,01/07/2005 14:15:00,21.000226306842332,0
748,01/07/2005 14:20:00,20.863798969400765,0
749,01/07/2005 14:25:00,20.522730625796854,0
750,01/07/2005 14:30:00,20.318815296961326,0
751,01/07/2005 14:35:00,20.590944294517637,0
752,01/07/2005 14:40:00,21.06916565288993,0
753,01/07/2005 14:45:00,20.590944294517637,0
754,01/07/2005 14:50:00,20.454516957076073,0
755,01/07/2005 14:55:00,20.79485962335317,0
756,01/07/2005 15:00:00,20.318815296961326,0
757,01/07/2005 15:05:00,20.79485962335317,0
758,01/07/2005 15:10:00,20.522730625796854,0
759,01/07/2005 15:15:00,20.522730625796854,0
760,01/07/2005 15:20:00,20.386303288355293,0
761,01/07/2005 15:25:00,20.17803389555886,0
762,01/07/2005 15:30:00,20.17803389555886,0
763,01/07/2005 15:35:00,20.386303288355293,0
764,01/07/2005 15:40:00,20.726645954632385,0
765,01/07/2005 15:45:00,20.726645954632385,0
766,01/07/2005 15:50:00,20.17803389555886,0
767,01/07/2005 15:55:00,20.318815296961326,0
768,01/07/2005 16:00:00,19.898648124734382,0
769,01/07/2005 16:05:00,19.9683131481088,0
770,01/07/2005 16:10:00,19.9683131481088,0
771,01/07/2005 16:15:00,20.108368872184442,0
772,01/07/2005 16:20:00,19.828983101359967,0
773,01/07/2005 16:25:00,19.898648124734382,0
774,01/07/2005 16:30:00,19.898648124734382,0
775,01/07/2005 16:35:00,20.248424596260094,0
776,01/07/2005 16:40:00,19.760043755312367,0
777,01/07/2005 16:45:00,20.037978171483214,0
778,01/07/2005 16:50:00,20.17803389555886,0
779,01/07/2005 16:55:00,19.62143938589035,0
780,01/07/2005 17:00:00,19.414621347747556,0
781,01/07/2005 17:05:00,19.69037873193795,0
782,01/07/2005 17:10:00,19.760043755312367,0
783,01/07/2005 17:15:00,19.277468332979176,0
784,01/07/2005 17:20:00,19.62143938589035,0
785,01/07/2005 17:25:00,19.55250003984275,0
786,01/07/2005 17:30:00,19.34568200169996,0
787,01/07/2005 17:35:00,19.483560693795155,0
788,01/07/2005 17:40:00,19.62143938589035,0
789,01/07/2005 17:45:00,19.34568200169996,0
790,01/07/2005 17:50:00,19.34568200169996,0
791,01/07/2005 17:55:00,19.55250003984275,0
792,01/07/2005 18:00:00,18.800698329260516,0
793,01/07/2005 18:05:00,19.34568200169996,0
794,01/07/2005 18:10:00,19.34568200169996,0
795,01/07/2005 18:15:00,19.208528986931576,0
796,01/07/2005 18:20:00,19.140315318210796,0
797,01/07/2005 18:25:00,19.55250003984275,0
798,01/07/2005 18:30:00,19.34568200169996,0
799,01/07/2005 18:35:00,18.936399989375264,0
800,01/07/2005 18:40:00,19.34568200169996,0
801,01/07/2005 18:45:00,19.483560693795155,0
802,01/07/2005 18:50:00,19.55250003984275,0
803,01/07/2005 18:55:00,19.003887980769232,0
804,01/07/2005 19:00:00,19.34568200169996,0
805,01/07/2005 19:05:00,19.140315318210796,0
806,01/07/2005 19:10:00,19.208528986931576,0
807,01/07/2005 19:15:00,18.936399989375264,0
808,01/07/2005 19:20:00,19.003887980769232,0
809,01/07/2005 19:25:00,18.86818632065448,0
810,01/07/2005 19:30:00,19.208528986931576,0
811,01/07/2005 19:35:00,19.003887980769232,0
812,01/07/2005 19:40:00,18.86818632065448,0
813,01/07/2005 19:45:00,18.665722346472588,0
814,01/07/2005 19:50:00,19.208528986931576,0
815,01/07/2005 19:55:00,19.072101649490016,0
816,01/07/2005 20:00:00,18.86818632065448,0
817,01/07/2005 20:05:00,18.665722346472588,0
818,01/07/2005 20:10:00,18.800698329260516,0
819,01/07/2005 20:15:00,18.86818632065448,0
820,01/07/2005 20:20:00,18.86818632065448,0
821,01/07/2005 20:25:00,18.936399989375264,0
822,01/07/2005 20:30:00,18.86818632065448,0
823,01/07/2005 20:35:00,18.464709726944324,0
824,01/07/2005 20:40:00,19.003887980769232,0
825,01/07/2005 20:45:00,18.86818632065448,0
826,01/07/2005 20:50:00,18.598234355078624,0
827,01/07/2005 20:55:00,19.003887980769232,0
828,01/07/2005 21:00:00,18.598234355078624,0
829,01/07/2005 21:05:00,18.936399989375264,0
830,01/07/2005 21:10:00,18.86818632065448,0
831,01/07/2005 21:15:00,19.003887980769232,0
832,01/07/2005 21:20:00,18.733210337866552,0
833,01/07/2005 21:25:00,18.598234355078624,0
834,01/07/2005 21:30:00,18.733210337866552,0
835,01/07/2005 21:35:00,18.733210337866552,0
836,01/07/2005 21:40:00,18.800698329260516,0
837,01/07/2005 21:45:00,18.330459421483212,0
838,01/07/2005 21:50:00,18.263697107416064,0
839,01/07/2005 21:55:00,18.464709726944324,0
840,01/07/2005 22:00:00,18.330459421483212,0
841,01/07/2005 22:05:00,18.197660470675732,0
842,01/07/2005 22:10:00,18.39722173555036,0
843,01/07/2005 22:15:00,18.064861519868252,0
844,01/07/2005 22:20:00,18.39722173555036,0
845,01/07/2005 22:25:00,18.130898156608584,0
846,01/07/2005 22:30:00,18.197660470675732,0
847,01/07/2005 22:35:00,18.197660470675732,0
848,01/07/2005 22:40:00,18.130898156608584,0
849,01/07/2005 22:45:00,18.39722173555036,0
850,01/07/2005 22:50:00,17.99882488312792,0
851,01/07/2005 22:55:00,17.99882488312792,0
852,01/07/2005 23:00:00,18.330459421483212,0
853,01/07/2005 23:05:00,17.86675160964726,0
854,01/07/2005 23:10:00,18.197660470675732,0
855,01/07/2005 23:15:00,18.064861519868252,0
856,01/07/2005 23:20:00,18.263697107416064,0
857,01/07/2005 23:25:00,17.93278824638759,0
858,01/07/2005 23:30:00,18.064861519868252,0
859,01/07/2005 23:35:00,18.130898156608584,0
860,01/07/2005 23:40:00,17.800714972906928,0
861,01/07/2005 23:45:00,17.93278824638759,0
862,01/07/2005 23:50:00,17.86675160964726,0
863,01/07/2005 23:55:00,18.130898156608584,0
864,01/08/2005 00:00:00,17.93278824638759,0
865,01/08/2005 00:05:00,17.474160175839355,0
866,01/08/2005 00:10:00,18.064861519868252,0
867,01/08/2005 00:15:00,17.474160175839355,0
868,01/08/2005 00:20:00,17.6700930540799,0
869,01/08/2005 00:25:00,17.800714972906928,0
870,01/08/2005 00:30:00,17.86675160964726,0
871,01/08/2005 00:35:00,17.6700930540799,0
872,01/08/2005 00:40:00,17.604056417339564,0
873,01/08/2005 00:45:00,17.344263934339143,0
874,01/08/2005 00:50:00,17.6700930540799,0
875,01/08/2005 00:55:00,17.73540401349341,0
876,01/08/2005 01:00:00,17.800714972906928,0
877,01/08/2005 01:05:00,17.344263934339143,0
878,01/08/2005 01:10:00,17.73540401349341,0
879,01/08/2005 01:15:00,17.40884921642584,0
880,01/08/2005 01:20:00,17.14978241075223,0
881,01/08/2005 01:25:00,17.278952974925627,0
882,01/08/2005 01:30:00,17.474160175839355,0
883,01/08/2005 01:35:00,17.021337523905654,0
884,01/08/2005 01:40:00,17.604056417339564,0
885,01/08/2005 01:45:00,17.40884921642584,0
886,01/08/2005 01:50:00,17.344263934339143,0
887,01/08/2005 01:55:00,17.21436769283893,0
888,01/08/2005 02:00:00,17.604056417339564,0
889,01/08/2005 02:05:00,17.21436769283893,0
890,01/08/2005 02:10:00,17.474160175839355,0
891,01/08/2005 02:15:00,17.14978241075223,0
892,01/08/2005 02:20:00,16.95747791914577,0
893,01/08/2005 02:25:00,17.21436769283893,0
894,01/08/2005 02:30:00,17.344263934339143,0
895,01/08/2005 02:35:00,17.21436769283893,0
896,01/08/2005 02:40:00,17.08592280599235,0
897,01/08/2005 02:45:00,17.08592280599235,0
898,01/08/2005 02:50:00,16.95747791914577,0
899,01/08/2005 02:55:00,16.95747791914577,0
900,01/08/2005 03:00:00,17.278952974925627,0
901,01/08/2005 03:05:00,17.21436769283893,0
902,01/08/2005 03:10:00,17.21436769283893,0
903,01/08/2005 03:15:00,17.344263934339143,0
904,01/08/2005 03:20:00,17.344263934339143,0
905,01/08/2005 03:25:00,17.344263934339143,0
906,01/08/2005 03:30:00,16.89361831438589,0
907,01/08/2005 03:35:00,17.344263934339143,0
908,01/08/2005 03:40:00,17.021337523905654,0
909,01/08/2005 03:45:00,17.021337523905654,0
910,01/08/2005 03:50:00,17.08592280599235,0
911,01/08/2005 03:55:00,17.14978241075223,0
912,01/08/2005 04:00:00,16.89361831438589,0
913,01/08/2005 04:05:00,17.08592280599235,0
914,01/08/2005 04:10:00,17.021337523905654,0
915,01/08/2005 04:15:00,16.5750459679133,0
916,01/08/2005 04:20:00,16.95747791914577,0
917,01/08/2005 04:25:00,17.021337523905654,0
918,01/08/2005 04:30:00,16.702039500106245,0
919,01/08/2005 04:35:00,16.76589910486613,0
920,01/08/2005 04:40:00,17.021337523905654,0
921,01/08/2005 04:45:00,16.5750459679133,0
922,01/08/2005 04:50:00,16.702039500106245,0
923,01/08/2005 04:55:00,16.63890557267318,0
924,01/08/2005 05:00:00,16.511912040480237,0
925,01/08/2005 05:05:00,16.511912040480237,0
926,01/08/2005 05:10:00,16.511912040480237,0
927,01/08/2005 05:15:00,16.19769375796855,0
928,01/08/2005 05:20:00,16.511912040480237,0
929,01/08/2005 05:25:00,16.63890557267318,0
930,01/08/2005 05:30:00,16.511912040480237,0
931,01/08/2005 05:35:00,16.323235935507864,0
932,01/08/2005 05:40:00,16.448778113047172,0
933,01/08/2005 05:45:00,16.323235935507864,0
934,01/08/2005 05:50:00,15.948060757543558,0
935,01/08/2005 05:55:00,16.323235935507864,0
936,01/08/2005 06:00:00,16.2601020080748,0
937,01/08/2005 06:05:00,16.072877257756055,0
938,01/08/2005 06:10:00,16.135285507862303,0
939,01/08/2005 06:15:00,16.5750459679133,0
940,01/08/2005 06:20:00,15.88637818476413,0
941,01/08/2005 06:25:00,15.76301303920527,0
942,01/08/2005 06:30:00,16.072877257756055,0
943,01/08/2005 06:35:00,16.072877257756055,0
944,01/08/2005 06:40:00,16.01046900764981,0
945,01/08/2005 06:45:00,16.072877257756055,0
946,01/08/2005 06:50:00,16.01046900764981,0
947,01/08/2005 06:55:00,15.824695611984698,0
948,01/08/2005 07:00:00,16.01046900764981,0
949,01/08/2005 07:05:00,15.639647893646409,0
950,01/08/2005 07:10:00,15.948060757543558,0
951,01/08/2005 07:15:00,15.824695611984698,0
952,01/08/2005 07:20:00,15.88637818476413,0
953,01/08/2005 07:25:00,15.824695611984698,0
954,01/08/2005 07:30:00,15.76301303920527,0
955,01/08/2005 07:35:00,15.824695611984698,0
956,01/08/2005 07:40:00,15.88637818476413,0
957,01/08/2005 07:45:00,15.948060757543558,0
958,01/08/2005 07:50:00,16.01046900764981,0
959,01/08/2005 07:55:00,15.88637818476413,0
960,01/08/2005 08:00:00,15.701330466425837,0
961,01/08/2005 08:05:00,15.76301303920527,0
962,01/08/2005 08:10:00,16.072877257756055,0
963,01/08/2005 08:15:00,15.701330466425837,0
964,01/08/2005 08:20:00,15.88637818476413,0
965,01/08/2005 08:25:00,15.824695611984698,0
966,01/08/2005 08:30:00,15.948060757543558,0
967,01/08/2005 08:35:00,15.88637818476413,0
968,01/08/2005 08:40:00,15.701330466425837,0
969,01/08/2005 08:45:00,15.456051529961751,0
970,01/08/2005 08:50:00,16.072877257756055,0
971,01/08/2005 08:55:00,15.948060757543558,0
972,01/08/2005 09:00:00,15.88637818476413,0
973,01/08/2005 09:05:00,15.76301303920527,0
974,01/08/2005 09:10:00,15.948060757543558,0
975,01/08/2005 09:15:00,16.135285507862303,0
976,01/08/2005 09:20:00,16.5750459679133,0
977,01/08/2005 09:25:00,16.19769375796855,0
978,01/08/2005 09:30:00,16.5750459679133,0
979,01/08/2005 09:35:00,16.2601020080748,0
980,01/08/2005 09:40:00,16.448778113047172,0
981,01/08/2005 09:45:00,16.5750459679133,0
982,01/08/2005 09:50:00,16.511912040480237,0
983,01/08/2005 09:55:00,16.63890557267318,0
984,01/08/2005 10:00:00,16.511912040480237,0
985,01/08/2005 10:05:00,16.89361831438589,0
986,01/08/2005 10:10:00,16.82975870962601,0
987,01/08/2005 10:15:00,17.021337523905654,0
988,01/08/2005 10:20:00,16.95747791914577,0
989,01/08/2005 10:25:00,17.6700930540799,0
990,01/08/2005 10:30:00,17.40884921642584,0
991,01/08/2005 10:35:00,17.800714972906928,0
992,01/08/2005 10:40:00,17.08592280599235,0
993,01/08/2005 10:45:00,17.278952974925627,0
994,01/08/2005 10:50:00,17.800714972906928,0
995,01/08/2005 10:55:00,17.800714972906928,0
996,01/08/2005 11:00:00,17.99882488312792,0
997,01/08/2005 11:05:00,17.73540401349341,0
998,01/08/2005 11:10:00,17.6700930540799,0
999,01/08/2005 11:15:00,18.130898156608584,0
1000,01/08/2005 11:20:00,17.99882488312792,0
1001,01/08/2005 11:25:00,17.93278824638759,0
1002,01/08/2005 11:30:00,18.197660470675732,0
1003,01/08/2005 11:35:00,18.197660470675732,0
1004,01/08/2005 11:40:00,18.064861519868252,0
1005,01/08/2005 11:45:00,18.064861519868252,0
1006,01/08/2005 11:50:00,18.263697107416064,0
1007,01/08/2005 11:55:00,18.330459421483212,0
1008,01/08/2005 12:00:00,18.330459421483212,0
1009,01/08/2005 12:05:00,18.598234355078624,0
1010,01/08/2005 12:10:00,18.598234355078624,0
1011,01/08/2005 12:15:00,18.39722173555036,0
1012,01/08/2005 12:20:00,19.072101649490016,0
1013,01/08/2005 12:25:00,18.86818632065448,0
1014,01/08/2005 12:30:00,19.34568200169996,0
1015,01/08/2005 12:35:00,19.140315318210796,0
1016,01/08/2005 12:40:00,19.62143938589035,0
1017,01/08/2005 12:45:00,19.898648124734382,0
1018,01/08/2005 12:50:00,20.248424596260094,0
1019,01/08/2005 12:55:00,20.17803389555886,0
1020,01/08/2005 13:00:00,20.386303288355293,0
1021,01/08/2005 13:05:00,21.06916565288993,0
1022,01/08/2005 13:10:00,21.619954743943904,0
1023,01/08/2005 13:15:00,21.482076051848704,0
1024,01/08/2005 13:20:00,22.106158552911175,0
1025,01/08/2005 13:25:00,22.736046472588185,0
1026,01/08/2005 13:30:00,23.30062343285168,0
1027,01/08/2005 13:35:00,24.444290899915003,0
1028,01/08/2005 13:40:00,25.24108460475988,0
1029,01/08/2005 13:45:00,25.972567350191245,0
1030,01/08/2005 13:50:00,26.267192344878875,0
1031,01/08/2005 13:55:00,26.341211432214195,0
1032,01/08/2005 14:00:00,26.119879847535064,0
1033,01/08/2005 14:05:00,25.825980530174245,0
1034,01/08/2005 14:10:00,25.75268712016575,0
1035,01/08/2005 14:15:00,24.877520264024646,0
1036,01/08/2005 14:20:00,24.516132955269867,0
1037,01/08/2005 14:25:00,24.58797501062473,0
1038,01/08/2005 14:30:00,24.013238567785805,0
1039,01/08/2005 14:35:00,24.013238567785805,0
1040,01/08/2005 14:40:00,23.44285618890778,0
1041,01/08/2005 14:45:00,23.22950705482363,0
1042,01/08/2005 14:50:00,23.159116354122396,0
1043,01/08/2005 14:55:00,22.876827873990653,0
1044,01/08/2005 15:00:00,23.017609275393117,0
1045,01/08/2005 15:05:00,22.595265071185718,0
1046,01/08/2005 15:10:00,22.175823576285595,0
1047,01/08/2005 15:15:00,22.106158552911175,0
1048,01/08/2005 15:20:00,22.106158552911175,0
1049,01/08/2005 15:25:00,22.245488599660007,0
1050,01/08/2005 15:30:00,21.758559113365916,0
1051,01/08/2005 15:35:00,21.758559113365916,0
1052,01/08/2005 15:40:00,21.619954743943904,0
1053,01/08/2005 15:45:00,21.619954743943904,0
1054,01/08/2005 15:50:00,21.275258013705905,0
1055,01/08/2005 15:55:00,21.344197359753505,0
1056,01/08/2005 16:00:00,21.20631866765831,0
1057,01/08/2005 16:05:00,21.137379321610712,0
1058,01/08/2005 16:10:00,21.344197359753505,0
1059,01/08/2005 16:15:00,21.20631866765831,0
1060,01/08/2005 16:20:00,20.6584322859116,0
1061,01/08/2005 16:25:00,20.522730625796854,0
1062,01/08/2005 16:30:00,20.454516957076073,0
1063,01/08/2005 16:35:00,20.386303288355293,0
1064,01/08/2005 16:40:00,20.318815296961326,0
1065,01/08/2005 16:45:00,20.454516957076073,0
1066,01/08/2005 16:50:00,20.386303288355293,0
1067,01/08/2005 16:55:00,20.318815296961326,0
1068,01/08/2005 17:00:00,20.17803389555886,0
1069,01/08/2005 17:05:00,20.248424596260094,0
1070,01/08/2005 17:10:00,20.17803389555886,0
1071,01/08/2005 17:15:00,19.9683131481088,0
1072,01/08/2005 17:20:00,19.760043755312367,0
1073,01/08/2005 17:25:00,19.898648124734382,0
1074,01/08/2005 17:30:00,19.69037873193795,0
1075,01/08/2005 17:35:00,19.760043755312367,0
1076,01/08/2005 17:40:00,19.483560693795155,0
1077,01/08/2005 17:45:00,19.55250003984275,0
1078,01/08/2005 17:50:00,19.69037873193795,0
1079,01/08/2005 17:55:00,19.140315318210796,0
1080,01/08/2005 18:00:00,19.140315318210796,0
1081,01/08/2005 18:05:00,19.072101649490016,0
1082,01/08/2005 18:10:00,19.140315318210796,0
1083,01/08/2005 18:15:00,18.86818632065448,0
1084,01/08/2005 18:20:00,19.072101649490016,0
1085,01/08/2005 18:25:00,18.733210337866552,0
1086,01/08/2005 18:30:00,18.733210337866552,0
1087,01/08/2005 18:35:00,18.733210337866552,0
1088,01/08/2005 18:40:00,18.531472041011476,0
1089,01/08/2005 18:45:00,18.464709726944324,0
1090,01/08/2005 18:50:00,18.39722173555036,0
1091,01/08/2005 18:55:00,18.130898156608584,0
1092,01/08/2005 19:00:00,18.197660470675732,0
1093,01/08/2005 19:05:00,18.263697107416064,0
1094,01/08/2005 19:10:00,18.263697107416064,0
1095,01/08/2005 19:15:00,18.130898156608584,0
1096,01/08/2005 19:20:00,18.330459421483212,0
1097,01/08/2005 19:25:00,18.064861519868252,0
1098,01/08/2005 19:30:00,18.064861519868252,0
1099,01/08/2005 19:35:00,17.86675160964726,0
1100,01/08/2005 19:40:00,17.86675160964726,0
1101,01/08/2005 19:45:00,17.73540401349341,0
1102,01/08/2005 19:50:00,17.86675160964726,0
1103,01/08/2005 19:55:00,17.6700930540799,0
1104,01/08/2005 20:00:00,17.6700930540799,0
1105,01/08/2005 20:05:00,17.73540401349341,0
1106,01/08/2005 20:10:00,17.86675160964726,0
1107,01/08/2005 20:15:00,17.344263934339143,0
1108,01/08/2005 20:20:00,17.86675160964726,0
1109,01/08/2005 20:25:00,17.604056417339564,0
1110,01/08/2005 20:30:00,17.40884921642584,0
1111,01/08/2005 20:35:00,17.53874545792605,0
1112,01/08/2005 20:40:00,17.604056417339564,0
1113,01/08/2005 20:45:00,17.344263934339143,0
1114,01/08/2005 20:50:00,17.53874545792605,0
1115,01/08/2005 20:55:00,17.344263934339143,0
1116,01/08/2005 21:00:00,17.604056417339564,0
1117,01/08/2005 21:05:00,17.53874545792605,0
1118,01/08/2005 21:10:00,17.21436769283893,0
1119,01/08/2005 21:15:00,17.344263934339143,0
1120,01/08/2005 21:20:00,17.40884921642584,0
1121,01/08/2005 21:25:00,17.604056417339564,0
1122,01/08/2005 21:30:00,17.53874545792605,0
1123,01/08/2005 21:35:00,17.278952974925627,0
1124,01/08/2005 21:40:00,17.474160175839355,0
1125,01/08/2005 21:45:00,17.21436769283893,0
1126,01/08/2005 21:50:00,17.14978241075223,0
1127,01/08/2005 21:55:00,17.14978241075223,0
1128,01/08/2005 22:00:00,17.14978241075223,0
1129,01/08/2005 22:05:00,17.278952974925627,0
1130,01/08/2005 22:10:00,17.278952974925627,0
1131,01/08/2005 22:15:00,17.08592280599235,0
1132,01/08/2005 22:20:00,16.89361831438589,0
1133,01/08/2005 22:25:00,17.021337523905654,0
1134,01/08/2005 22:30:00,16.511912040480237,0
1135,01/08/2005 22:35:00,16.511912040480237,0
1136,01/08/2005 22:40:00,16.89361831438589,0
1137,01/08/2005 22:45:00,16.2601020080748,0
1138,01/08/2005 22:50:00,16.385644185614108,0
1139,01/08/2005 22:55:00,16.511912040480237,0
1140,01/08/2005 23:00:00,16.511912040480237,0
1141,01/08/2005 23:05:00,16.82975870962601,0
1142,01/08/2005 23:10:00,16.702039500106245,0
1143,01/08/2005 23:15:00,16.2601020080748,0
1144,01/08/2005 23:20:00,16.323235935507864,0
1145,01/08/2005 23:25:00,16.2601020080748,0
1146,01/08/2005 23:30:00,16.323235935507864,0
1147,01/08/2005 23:35:00,16.135285507862303,0
1148,01/08/2005 23:40:00,16.511912040480237,0
1149,01/08/2005 23:45:00,16.072877257756055,0
1150,01/08/2005 23:50:00,16.135285507862303,0
1151,01/08/2005 23:55:00,16.385644185614108,0
